# Recentered to bounding-box origin; offset = (5048.553, 1.379498, 5049.1745)
v -48.553 -1.379498 -49.1745
v -46.553 0.5382042 -49.1745
v -44.553 1.98638583 -49.1745
v -42.553 2.610482 -49.1745
v -40.553 2.25769163 -49.1745
v -38.553 1.01439047 -49.1745
v -36.553 -0.815018 -49.1745
v -34.553 -2.78263092 -49.1745
v -32.553 -4.406708 -49.1745
v -30.553 -5.28961849 -49.1745
v -28.553 -5.21519517 -49.1745
v -26.553 -4.2016592 -49.1745
v -24.553 -2.49716 -49.1745
v -22.553 -0.519018049 -49.1745
v -20.553 1.24844838 -49.1745
v -18.553 2.37250186 -49.1745
v -16.553 2.577935 -49.1745
v -14.553 1.81445051 -49.1745
v -12.553 0.268976 -49.1745
v -10.553 -1.6801025 -49.1745
v -8.553 -3.55558252 -49.1745
v -6.553 -4.898281 -49.1745
v -4.553 -5.379459 -49.1745
v -2.553 -4.88130664 -49.1745
v -0.553 -3.52578973 -49.1745
v 1.447 -1.64478558 -49.1745
v 3.447 0.30117012 -49.1745
v 5.447 1.83563972 -49.1745
v 7.447 2.58293152 -49.1745
v 9.447 2.36008215 -49.1745
v 11.447 1.22165347 -49.1745
v 13.447 -0.5536281 -49.1745
v 15.447 -2.53111124 -49.1745
v 17.447 -4.22663927 -49.1745
v 19.447 -5.22508788 -49.1745
v 21.447 -5.282002 -49.1745
v 23.447 -4.383447 -49.1745
v 25.447 -2.74942052 -49.1745
v 27.447 -0.7799892 -49.1745
v 29.447 1.04266143 -49.1745
v 31.447 2.272283 -49.1745
v 33.447 2.60782123 -49.1745
v 35.447 1.96712447 -49.1745
v 37.447 0.507058 -49.1745
v 39.447 -1.41490324 -49.1745
v 41.447 -3.328196 -49.1745
v 43.447 -4.76437973 -49.1745
v 45.447 -5.37182617 -49.1745
v 47.447 -5.0018115 -49.1745
v 49.447 -3.744928 -49.1745
v -48.553 -1.379498 -47.1745
v -46.553 0.303444 -47.1745
v -44.553 1.574343 -47.1745
v -42.553 2.12203885 -47.1745
v -40.553 1.812436 -47.1745
v -38.553 0.72133685 -47.1745
v -36.553 -0.8841202 -47.1745
v -34.553 -2.610863 -47.1745
v -32.553 -4.0361247 -47.1745
v -30.553 -4.81095147 -47.1745
v -28.553 -4.74563884 -47.1745
v -26.553 -3.85617733 -47.1745
v -24.553 -2.3603386 -47.1745
v -22.553 -0.6243558 -47.1745
v -20.553 0.92674184 -47.1745
v -18.553 1.91319156 -47.1745
v -16.553 2.093476 -47.1745
v -14.553 1.42345548 -47.1745
v -12.553 0.067174 -47.1745
v -10.553 -1.64330327 -47.1745
v -8.553 -3.28919184 -47.1745
v -6.553 -4.46752071 -47.1745
v -4.553 -4.88979387 -47.1745
v -2.553 -4.452624 -47.1745
v -0.553 -3.26304614 -47.1745
v 1.447 -1.61230975 -47.1745
v 3.447 0.095427 -47.1745
v 5.447 1.4420507 -47.1745
v 7.447 2.097861 -47.1745
v 9.447 1.90229226 -47.1745
v 11.447 0.903227 -47.1745
v 13.447 -0.654728944 -47.1745
v 15.447 -2.39013373 -47.1745
v 17.447 -3.87809944 -47.1745
v 19.447 -4.75432062 -47.1745
v 21.447 -4.8042674 -47.1745
v 23.447 -4.015711 -47.1745
v 25.447 -2.58171808 -47.1745
v 27.447 -0.853379543 -47.1745
v 29.447 0.746147 -47.1745
v 31.447 1.82524133 -47.1745
v 33.447 2.11970377 -47.1745
v 35.447 1.55743957 -47.1745
v 37.447 0.27611065 -47.1745
v 39.447 -1.41056902 -47.1745
v 41.447 -3.08964145 -47.1745
v 43.447 -4.350011 -47.1745
v 45.447 -4.8830955 -47.1745
v 47.447 -4.558377 -47.1745
v 49.447 -3.45535826 -47.1745
v -48.553 -1.379498 -45.1745
v -46.553 -0.34335911 -45.1745
v -44.553 0.43909669 -45.1745
v -42.553 0.77629734 -45.1745
v -40.553 0.58568383 -45.1745
v -38.553 -0.08607459 -45.1745
v -36.553 -1.07450815 -45.1745
v -34.553 -2.1376139 -45.1745
v -32.553 -3.01510643 -45.1745
v -30.553 -3.492145 -45.1745
v -28.553 -3.45193386 -45.1745
v -26.553 -2.90431809 -45.1745
v -24.553 -1.9833733 -45.1745
v -22.553 -0.914578731 -45.1745
v -20.553 0.0403874 -45.1745
v -18.553 0.647716 -45.1745
v -16.553 0.758712 -45.1745
v -14.553 0.34619964 -45.1745
v -12.553 -0.488823767 -45.1745
v -10.553 -1.5419153 -45.1745
v -8.553 -2.55524146 -45.1745
v -6.553 -3.28070449 -45.1745
v -4.553 -3.540686 -45.1745
v -2.553 -3.27153313 -45.1745
v -0.553 -2.53914427 -45.1745
v 1.447 -1.52283348 -45.1745
v 3.447 -0.471429164 -45.1745
v 5.447 0.35764826 -45.1745
v 7.447 0.76141167 -45.1745
v 9.447 0.64100576 -45.1745
v 11.447 0.02591 -45.1745
v 13.447 -0.933278615 -45.1745
v 15.447 -2.00171726 -45.1745
v 17.447 -2.917815 -45.1745
v 19.447 -3.457279 -45.1745
v 21.447 -3.48802971 -45.1745
v 23.447 -3.00253844 -45.1745
v 25.447 -2.11967027 -45.1745
v 27.447 -1.055582 -45.1745
v 29.447 -0.0707997 -45.1745
v 31.447 0.59356761 -45.1745
v 33.447 0.77485967 -45.1745
v 35.447 0.42868972 -45.1745
v 37.447 -0.36018753 -45.1745
v 39.447 -1.39862753 -45.1745
v 41.447 -2.432384 -45.1745
v 43.447 -3.20835733 -45.1745
v 45.447 -3.536562 -45.1745
v 47.447 -3.33664226 -45.1745
v 49.447 -2.65754532 -45.1745
v -48.553 -1.379498 -43.1745
v -46.553 -1.24384511 -43.1745
v -44.553 -1.1414048 -43.1745
v -42.553 -1.097258 -43.1745
v -40.553 -1.1222134 -43.1745
v -38.553 -1.21016104 -43.1745
v -36.553 -1.33956827 -43.1745
v -34.553 -1.47875169 -43.1745
v -32.553 -1.59363435 -43.1745
v -30.553 -1.65608897 -43.1745
v -28.553 -1.65082448 -43.1745
v -26.553 -1.57912978 -43.1745
v -24.553 -1.45855827 -43.1745
v -22.553 -1.31863006 -43.1745
v -20.553 -1.19360443 -43.1745
v -18.553 -1.11409205 -43.1745
v -16.553 -1.0995603 -43.1745
v -14.553 -1.15356703 -43.1745
v -12.553 -1.26288957 -43.1745
v -10.553 -1.40076192 -43.1745
v -8.553 -1.53342813 -43.1745
v -6.553 -1.62840686 -43.1745
v -4.553 -1.66244402 -43.1745
v -2.553 -1.62720613 -43.1745
v -0.553 -1.53132066 -43.1745
v 1.447 -1.3982637 -43.1745
v 3.447 -1.26061224 -43.1745
v 5.447 -1.15206816 -43.1745
v 7.447 -1.09920683 -43.1745
v 9.447 -1.1149706 -43.1745
v 11.447 -1.19549983 -43.1745
v 13.447 -1.32107828 -43.1745
v 15.447 -1.46095989 -43.1745
v 17.447 -1.58089679 -43.1745
v 19.447 -1.65152424 -43.1745
v 21.447 -1.6555502 -43.1745
v 23.447 -1.59198893 -43.1745
v 25.447 -1.47640248 -43.1745
v 27.447 -1.33709042 -43.1745
v 29.447 -1.20816123 -43.1745
v 31.447 -1.12118124 -43.1745
v 33.447 -1.0974462 -43.1745
v 35.447 -1.1427673 -43.1745
v 37.447 -1.24604831 -43.1745
v 39.447 -1.38200247 -43.1745
v 41.447 -1.51734344 -43.1745
v 43.447 -1.61893504 -43.1745
v 45.447 -1.66190412 -43.1745
v 47.447 -1.63573032 -43.1745
v 49.447 -1.5468219 -43.1745
v -48.553 -1.379498 -41.1745
v -46.553 -2.1775437 -41.1745
v -44.553 -2.78019988 -41.1745
v -42.553 -3.03991556 -41.1745
v -40.553 -2.893103 -41.1745
v -38.553 -2.37570714 -41.1745
v -36.553 -1.61440457 -41.1745
v -34.553 -0.795588667 -41.1745
v -32.553 -0.11973416 -41.1745
v -30.553 0.24768627 -41.1745
v -28.553 0.21671522 -41.1745
v -26.553 -0.20506453 -41.1745
v -24.553 -0.9143865 -41.1745
v -22.553 -1.73758402 -41.1745
v -20.553 -2.4731096 -41.1745
v -18.553 -2.94088089 -41.1745
v -16.553 -3.02637124 -41.1745
v -14.553 -2.70864963 -41.1745
v -12.553 -2.06550526 -41.1745
v -10.553 -1.2544024 -41.1745
v -8.553 -0.4739273 -41.1745
v -6.553 0.08483243 -41.1745
v -4.553 0.28507317 -41.1745
v -2.553 0.07776857 -41.1745
v -0.553 -0.4863255 -41.1745
v 1.447 -1.26909941 -41.1745
v 3.447 -2.0789027 -41.1745
v 5.447 -2.71746742 -41.1745
v 7.447 -3.02845048 -41.1745
v 9.447 -2.93571245 -41.1745
v 11.447 -2.461959 -41.1745
v 13.447 -1.72318115 -41.1745
v 15.447 -0.9002578 -41.1745
v 17.447 -0.19466912 -41.1745
v 19.447 0.22083211 -41.1745
v 21.447 0.24451674 -41.1745
v 23.447 -0.12941408 -41.1745
v 25.447 -0.8094091 -41.1745
v 27.447 -1.6289817 -41.1745
v 29.447 -2.387472 -41.1745
v 31.447 -2.89917516 -41.1745
v 33.447 -3.03880834 -41.1745
v 35.447 -2.77218437 -41.1745
v 37.447 -2.16458237 -41.1745
v 39.447 -1.36476422 -41.1745
v 41.447 -0.568553443 -41.1745
v 43.447 0.02910984 -41.1745
v 45.447 0.28189672 -41.1745
v 47.447 0.12791634 -41.1745
v 49.447 -0.3951317 -41.1745
v -48.553 -1.379498 -39.1745
v -46.553 -2.91585278 -39.1745
v -44.553 -4.07605433 -39.1745
v -42.553 -4.57604479 -39.1745
v -40.553 -4.293409 -39.1745
v -38.553 -3.29734635 -39.1745
v -36.553 -1.83172753 -39.1745
v -34.553 -0.25538706 -39.1745
v -32.553 1.04573179 -39.1745
v -30.553 1.75307 -39.1745
v -28.553 1.69344616 -39.1745
v -26.553 0.88145829 -39.1745
v -24.553 -0.4840903 -39.1745
v -22.553 -2.068866 -39.1745
v -20.553 -3.48486042 -39.1745
v -18.553 -4.38538861 -39.1745
v -16.553 -4.54997015 -39.1745
v -14.553 -3.93830943 -39.1745
v -12.553 -2.70016241 -39.1745
v -10.553 -1.13867063 -39.1745
v -8.553 0.36385811 -39.1745
v -6.553 1.43955255 -39.1745
v -4.553 1.825045 -39.1745
v -2.553 1.42595363 -39.1745
v -0.553 0.33998991 -39.1745
v 1.447 -1.16696456 -39.1745
v 3.447 -2.72595453 -39.1745
v 5.447 -3.955285 -39.1745
v 7.447 -4.553973 -39.1745
v 9.447 -4.37543869 -39.1745
v 11.447 -3.463394 -39.1745
v 13.447 -2.0411384 -39.1745
v 15.447 -0.456890459 -39.1745
v 17.447 0.901471 -39.1745
v 19.447 1.70137167 -39.1745
v 21.447 1.746968 -39.1745
v 23.447 1.02709651 -39.1745
v 25.447 -0.28199338 -39.1745
v 27.447 -1.85979065 -39.1745
v 29.447 -3.31999552 -39.1745
v 31.447 -4.305099 -39.1745
v 33.447 -4.57391333 -39.1745
v 35.447 -4.06062316 -39.1745
v 37.447 -2.89090025 -39.1745
v 39.447 -1.35113332 -39.1745
v 41.447 0.18168891 -39.1745
v 43.447 1.33227826 -39.1745
v 45.447 1.81893015 -39.1745
v 47.447 1.52249527 -39.1745
v 49.447 0.51555121 -39.1745
v -48.553 -1.379498 -37.1745
v -46.553 -3.27800881 -37.1745
v -44.553 -4.71169781 -37.1745
v -42.553 -5.32954835 -37.1745
v -40.553 -4.9802885 -37.1745
v -38.553 -3.7494297 -37.1745
v -36.553 -1.938329 -37.1745
v -34.553 0.009593 -37.1745
v -32.553 1.617417 -37.1745
v -30.553 2.491492 -37.1745
v -28.553 2.41781354 -37.1745
v -26.553 1.41442037 -37.1745
v -24.553 -0.2730211 -37.1745
v -22.553 -2.2313667 -37.1745
v -20.553 -3.98114514 -37.1745
v -18.553 -5.09394979 -37.1745
v -16.553 -5.297327 -37.1745
v -14.553 -4.54148316 -37.1745
v -12.553 -3.01147484 -37.1745
v -10.553 -1.0819018 -37.1745
v -8.553 0.77480937 -37.1745
v -6.553 2.104071 -37.1745
v -4.553 2.58043337 -37.1745
v -2.553 2.08726621 -37.1745
v -0.553 0.7453146 -37.1745
v 1.447 -1.1168653 -37.1745
v 3.447 -3.04334688 -37.1745
v 5.447 -4.56246018 -37.1745
v 7.447 -5.30227351 -37.1745
v 9.447 -5.08165431 -37.1745
v 11.447 -3.95461845 -37.1745
v 13.447 -2.197103 -37.1745
v 15.447 -0.23940956 -37.1745
v 17.447 1.43915058 -37.1745
v 19.447 2.427607 -37.1745
v 21.447 2.48395157 -37.1745
v 23.447 1.594389 -37.1745
v 25.447 -0.023285 -37.1745
v 27.447 -1.97300726 -37.1745
v 29.447 -3.77741765 -37.1745
v 31.447 -4.99473381 -37.1745
v 33.447 -5.326914 -37.1745
v 35.447 -4.692629 -37.1745
v 37.447 -3.24717438 -37.1745
v 39.447 -1.34444708 -37.1745
v 41.447 0.54969848 -37.1745
v 43.447 1.97150946 -37.1745
v 45.447 2.572877 -37.1745
v 47.447 2.20656515 -37.1745
v 49.447 0.96226 -37.1745
v -48.553 -1.379498 -35.1745
v -46.553 -3.175343 -35.1745
v -44.553 -4.53150248 -35.1745
v -42.553 -5.11594152 -35.1745
v -40.553 -4.78556847 -35.1745
v -38.553 -3.621271 -35.1745
v -36.553 -1.90810906 -35.1745
v -34.553 -0.06552481 -35.1745
v -32.553 1.455353 -35.1745
v -30.553 2.28216053 -35.1745
v -28.553 2.21246624 -35.1745
v -26.553 1.2633338 -35.1745
v -24.553 -0.332856 -35.1745
v -22.553 -2.1853002 -35.1745
v -20.553 -3.840456 -35.1745
v -18.553 -4.89308333 -35.1745
v -16.553 -5.08546257 -35.1745
v -14.553 -4.37049245 -35.1745
v -12.553 -2.92322242 -35.1745
v -10.553 -1.09799492 -35.1745
v -8.553 0.658311 -35.1745
v -6.553 1.91569 -35.1745
v -4.553 2.366292 -35.1745
v -2.553 1.899794 -35.1745
v -0.553 0.63041115 -35.1745
v 1.447 -1.13106767 -35.1745
v 3.447 -2.95337092 -35.1745
v 5.447 -4.390335 -35.1745
v 7.447 -5.09014153 -35.1745
v 9.447 -4.88145279 -35.1745
v 11.447 -3.81536364 -35.1745
v 13.447 -2.1528894 -35.1745
v 15.447 -0.3010621 -35.1745
v 17.447 1.28672648 -35.1745
v 19.447 2.22173024 -35.1745
v 21.447 2.275028 -35.1745
v 23.447 1.43357015 -35.1745
v 25.447 -0.09662485 -35.1745
v 27.447 -1.94091206 -35.1745
v 29.447 -3.64774537 -35.1745
v 31.447 -4.79923272 -35.1745
v 33.447 -5.11344981 -35.1745
v 35.447 -4.513465 -35.1745
v 37.447 -3.146176 -35.1745
v 39.447 -1.34634253 -35.1745
v 41.447 0.4453733 -35.1745
v 43.447 1.790297 -35.1745
v 45.447 2.35914445 -35.1745
v 47.447 2.01264167 -35.1745
v 49.447 0.835625 -35.1745
v -48.553 -1.379498 -33.1745
v -46.553 -2.63299179 -33.1745
v -44.553 -3.5795865 -33.1745
v -42.553 -3.98752284 -33.1745
v -40.553 -3.75692367 -33.1745
v -38.553 -2.944248 -33.1745
v -36.553 -1.74846675 -33.1745
v -34.553 -0.4623491 -33.1745
v -32.553 0.59921849 -33.1745
v -30.553 1.17632723 -33.1745
v -28.553 1.127681 -33.1745
v -26.553 0.46518958 -33.1745
v -24.553 -0.6489454 -33.1745
v -22.553 -1.9419452 -33.1745
v -20.553 -3.0972383 -33.1745
v -18.553 -3.83196878 -33.1745
v -16.553 -3.96624875 -33.1745
v -14.553 -3.467202 -33.1745
v -12.553 -2.45701253 -33.1745
v -10.553 -1.1830098 -33.1745
v -8.553 0.04288579 -33.1745
v -6.553 0.920532 -33.1745
v -4.553 1.235051 -33.1745
v -2.553 0.909437 -33.1745
v -0.553 0.02341187 -33.1745
v 1.447 -1.20609447 -33.1745
v 3.447 -2.478056 -33.1745
v 5.447 -3.48105216 -33.1745
v 7.447 -3.96951484 -33.1745
v 9.447 -3.82385063 -33.1745
v 11.447 -3.07972407 -33.1745
v 13.447 -1.9193226 -33.1745
v 15.447 -0.6267534 -33.1745
v 17.447 0.48151768 -33.1745
v 19.447 1.13414717 -33.1745
v 21.447 1.17134882 -33.1745
v 23.447 0.58401406 -33.1745
v 25.447 -0.4840569 -33.1745
v 27.447 -1.7713631 -33.1745
v 29.447 -2.96272706 -33.1745
v 31.447 -3.76646137 -33.1745
v 33.447 -3.98578381 -33.1745
v 35.447 -3.56699633 -33.1745
v 37.447 -2.61263334 -33.1745
v 39.447 -1.35635559 -33.1745
v 41.447 -0.105744 -33.1745
v 43.447 0.83300829 -33.1745
v 45.447 1.23006177 -33.1745
v 47.447 0.988204 -33.1745
v 49.447 0.1666503 -33.1745
v -48.553 -1.379498 -31.1745
v -46.553 -1.7837416 -31.1745
v -44.553 -2.0890122 -31.1745
v -42.553 -2.22056907 -31.1745
v -40.553 -2.1462023 -31.1745
v -38.553 -1.8841196 -31.1745
v -36.553 -1.49848802 -31.1745
v -34.553 -1.08372348 -31.1745
v -32.553 -0.741374845 -31.1745
v -30.553 -0.555261 -31.1745
v -28.553 -0.570949132 -31.1745
v -26.553 -0.7845983 -31.1745
v -24.553 -1.14389955 -31.1745
v -22.553 -1.56088356 -31.1745
v -20.553 -1.9334581 -31.1745
v -18.553 -2.17040383 -31.1745
v -16.553 -2.2137083 -31.1745
v -14.553 -2.05276894 -31.1745
v -12.553 -1.7269894 -31.1745
v -10.553 -1.31613183 -31.1745
v -8.553 -0.920788522 -31.1745
v -6.553 -0.6377533 -31.1745
v -4.553 -0.536323 -31.1745
v -2.553 -0.6413314 -31.1745
v -0.553 -0.9270687 -31.1745
v 1.447 -1.32357649 -31.1745
v 3.447 -1.7337758 -31.1745
v 5.447 -2.05723553 -31.1745
v 7.447 -2.21476155 -31.1745
v 9.447 -2.1677858 -31.1745
v 11.447 -1.9278098 -31.1745
v 13.447 -1.55358791 -31.1745
v 15.447 -1.13674277 -31.1745
v 17.447 -0.7793326 -31.1745
v 19.447 -0.5688638 -31.1745
v 21.447 -0.5568665 -31.1745
v 23.447 -0.746278162 -31.1745
v 25.447 -1.09072408 -31.1745
v 27.447 -1.50587195 -31.1745
v 29.447 -1.8900791 -31.1745
v 31.447 -2.14927816 -31.1745
v 33.447 -2.2200082 -31.1745
v 35.447 -2.084952 -31.1745
v 37.447 -1.7771761 -31.1745
v 39.447 -1.37203472 -31.1745
v 41.447 -0.96872064 -31.1745
v 43.447 -0.665979142 -31.1745
v 45.447 -0.537932 -31.1745
v 47.447 -0.615929539 -31.1745
v 49.447 -0.880875255 -31.1745
v -48.553 -1.379498 -29.1745
v -46.553 -0.835518355 -29.1745
v -44.553 -0.424724 -29.1745
v -42.553 -0.24769151 -29.1745
v -40.553 -0.34776484 -29.1745
v -38.553 -0.7004423 -29.1745
v -36.553 -1.21937636 -29.1745
v -34.553 -1.77751377 -29.1745
v -32.553 -2.23820304 -29.1745
v -30.553 -2.48865139 -29.1745
v -28.553 -2.46754026 -29.1745
v -26.553 -2.18003845 -29.1745
v -24.553 -1.69653645 -29.1745
v -22.553 -1.13541236 -29.1745
v -20.553 -0.634048934 -29.1745
v -18.553 -0.31519746 -29.1745
v -16.553 -0.25692391 -29.1745
v -14.553 -0.473495538 -29.1745
v -12.553 -0.911888237 -29.1745
v -10.553 -1.46476813 -29.1745
v -8.553 -1.9967709 -29.1745
v -6.553 -2.37764376 -29.1745
v -4.553 -2.51413571 -29.1745
v -2.553 -2.3728287 -29.1745
v -0.553 -1.9883198 -29.1745
v 1.447 -1.45475006 -29.1745
v 3.447 -0.902755971 -29.1745
v 5.447 -0.467484946 -29.1745
v 7.447 -0.25550651 -29.1745
v 9.447 -0.31872046 -29.1745
v 11.447 -0.641649659 -29.1745
v 13.447 -1.14522992 -29.1745
v 15.447 -1.70616716 -29.1745
v 17.447 -2.18712437 -29.1745
v 19.447 -2.47034645 -29.1745
v 21.447 -2.48649084 -29.1745
v 23.447 -2.23160475 -29.1745
v 25.447 -1.76809322 -29.1745
v 27.447 -1.20944 -29.1745
v 29.447 -0.6924229 -29.1745
v 31.447 -0.34362578 -29.1745
v 33.447 -0.24844622 -29.1745
v 35.447 -0.4301877 -29.1745
v 37.447 -0.8443534 -29.1745
v 39.447 -1.38954113 -29.1745
v 41.447 -1.93227 -29.1745
v 43.447 -2.339661 -29.1745
v 45.447 -2.51197063 -29.1745
v 47.447 -2.40701138 -29.1745
v 49.447 -2.05048114 -29.1745
v -48.553 -1.379498 -27.1745
v -46.553 -0.02048039 -27.1745
v -44.553 1.00580216 -27.1745
v -42.553 1.44808031 -27.1745
v -40.553 1.19806839 -27.1745
v -38.553 0.31697846 -27.1745
v -36.553 -0.979468073 -27.1745
v -34.553 -2.3738559 -27.1745
v -32.553 -3.52479028 -27.1745
v -30.553 -4.15048217 -27.1745
v -28.553 -4.09774065 -27.1745
v -26.553 -3.37947833 -27.1745
v -24.553 -2.1715512 -27.1745
v -22.553 -0.769701834 -27.1745
v -20.553 0.48284817 -27.1745
v -18.553 1.27943087 -27.1745
v -16.553 1.42501522 -27.1745
v -14.553 0.88395668 -27.1745
v -12.553 -0.21127426 -27.1745
v -10.553 -1.59252732 -27.1745
v -8.553 -2.92162334 -27.1745
v -6.553 -3.8731532 -27.1745
v -4.553 -4.21414947 -27.1745
v -2.553 -3.861124 -27.1745
v -0.553 -2.90051007 -27.1745
v 1.447 -1.56749929 -27.1745
v 3.447 -0.18845927 -27.1745
v 5.447 0.898973 -27.1745
v 7.447 1.428556 -27.1745
v 9.447 1.27062941 -27.1745
v 11.447 0.46385944 -27.1745
v 13.447 -0.794228966 -27.1745
v 15.447 -2.1956115 -27.1745
v 17.447 -3.397181 -27.1745
v 19.447 -4.10475134 -27.1745
v 21.447 -4.14508461 -27.1745
v 23.447 -3.50830578 -27.1745
v 25.447 -2.3503207 -27.1745
v 27.447 -0.954644228 -27.1745
v 29.447 0.33701325 -27.1745
v 31.447 1.20840884 -27.1745
v 33.447 1.44619465 -27.1745
v 35.447 0.99215222 -27.1745
v 37.447 -0.0425527 -27.1745
v 39.447 -1.40458862 -27.1745
v 41.447 -2.76048147 -27.1745
v 43.447 -3.77826142 -27.1745
v 45.447 -4.20874023 -27.1745
v 47.447 -3.94652223 -27.1745
v 49.447 -3.05580687 -27.1745
v -48.553 -1.379498 -25.1745
v -46.553 0.46182263 -25.1745
v -44.553 1.85232354 -25.1745
v -42.553 2.45156217 -25.1745
v -40.553 2.11282325 -25.1745
v -38.553 0.91904259 -25.1745
v -36.553 -0.8375011 -25.1745
v -34.553 -2.72674453 -25.1745
v -32.553 -4.286135 -25.1745
v -30.553 -5.13387942 -25.1745
v -28.553 -5.06242036 -25.1745
v -26.553 -4.08925318 -25.1745
v -24.553 -2.45264375 -25.1745
v -22.553 -0.5532907 -25.1745
v -20.553 1.143778 -25.1745
v -18.553 2.22306061 -25.1745
v -16.553 2.42031146 -25.1745
v -14.553 1.68723631 -25.1745
v -12.553 0.20331765 -25.1745
v -10.553 -1.6681295 -25.1745
v -8.553 -3.46890974 -25.1745
v -6.553 -4.75812888 -25.1745
v -4.553 -5.22014164 -25.1745
v -2.553 -4.74183058 -25.1745
v -0.553 -3.44030356 -25.1745
v 1.447 -1.63421925 -25.1745
v 3.447 0.23422957 -25.1745
v 5.447 1.70758176 -25.1745
v 7.447 2.425109 -25.1745
v 9.447 2.21113563 -25.1745
v 11.447 1.11805034 -25.1745
v 13.447 -0.5865223 -25.1745
v 15.447 -2.48524284 -25.1745
v 17.447 -4.11323833 -25.1745
v 19.447 -5.071919 -25.1745
v 21.447 -5.12656617 -25.1745
v 23.447 -4.26380038 -25.1745
v 25.447 -2.69485688 -25.1745
v 27.447 -0.803867454 -25.1745
v 29.447 0.9461875 -25.1745
v 31.447 2.12683368 -25.1745
v 33.447 2.44900728 -25.1745
v 35.447 1.83382941 -25.1745
v 37.447 0.431917 -25.1745
v 39.447 -1.41349305 -25.1745
v 41.447 -3.25058 -25.1745
v 43.447 -4.6295607 -25.1745
v 45.447 -5.212813 -25.1745
v 47.447 -4.85753583 -25.1745
v 49.447 -3.65071368 -25.1745
v -48.553 -1.379498 -23.1745
v -46.553 0.49330628 -23.1745
v -44.553 1.90758253 -23.1745
v -42.553 2.5170672 -23.1745
v -40.553 2.17253638 -23.1745
v -38.553 0.958344 -23.1745
v -36.553 -0.8282338 -23.1745
v -34.553 -2.74978029 -23.1745
v -32.553 -4.335834 -23.1745
v -30.553 -5.19807338 -23.1745
v -28.553 -5.12539243 -23.1745
v -26.553 -4.13558578 -23.1745
v -24.553 -2.47099292 -23.1745
v -22.553 -0.5391639 -23.1745
v -20.553 1.186922 -23.1745
v -18.553 2.28465868 -23.1745
v -16.553 2.48528219 -23.1745
v -14.553 1.73967267 -23.1745
v -12.553 0.23038137 -23.1745
v -10.553 -1.67306464 -23.1745
v -8.553 -3.50463533 -23.1745
v -6.553 -4.81589818 -23.1745
v -4.553 -5.28581047 -23.1745
v -2.553 -4.79932117 -23.1745
v -0.553 -3.47554 -23.1745
v 1.447 -1.63857457 -23.1745
v 3.447 0.26182175 -23.1745
v 5.447 1.76036573 -23.1745
v 7.447 2.49016166 -23.1745
v 9.447 2.27252985 -23.1745
v 11.447 1.16075445 -23.1745
v 13.447 -0.57296365 -23.1745
v 15.447 -2.50414931 -23.1745
v 17.447 -4.159981 -23.1745
v 19.447 -5.13505363 -23.1745
v 21.447 -5.1906352 -23.1745
v 23.447 -4.3131175 -23.1745
v 25.447 -2.71734738 -23.1745
v 27.447 -0.794025059 -23.1745
v 29.447 0.985953 -23.1745
v 31.447 2.18678642 -23.1745
v 33.447 2.51446867 -23.1745
v 35.447 1.88877225 -23.1745
v 37.447 0.46288932 -23.1745
v 39.447 -1.41407432 -23.1745
v 41.447 -3.2825725 -23.1745
v 43.447 -4.68513178 -23.1745
v 45.447 -5.27835631 -23.1745
v 47.447 -4.91700458 -23.1745
v 49.447 -3.68954777 -23.1745
v -48.553 -1.379498 -21.1745
v -46.553 0.066262 -21.1745
v -44.553 1.15804935 -21.1745
v -42.553 1.628557 -21.1745
v -40.553 1.36258746 -21.1745
v -38.553 0.42526 -21.1745
v -36.553 -0.953935261 -21.1745
v -34.553 -2.43732309 -21.1745
v -32.553 -3.66171836 -21.1745
v -30.553 -4.32734656 -21.1745
v -28.553 -4.2712388 -21.1745
v -26.553 -3.50713181 -21.1745
v -24.553 -2.22210586 -21.1745
v -22.553 -0.730780239 -21.1745
v -20.553 0.60171676 -21.1745
v -18.553 1.44914318 -21.1745
v -16.553 1.60401965 -21.1745
v -14.553 1.028427 -21.1745
v -12.553 -0.1367098 -21.1745
v -10.553 -1.60612441 -21.1745
v -8.553 -3.020053 -21.1745
v -6.553 -4.03231644 -21.1745
v -4.553 -4.39507746 -21.1745
v -2.553 -4.01951932 -21.1745
v -0.553 -2.99759221 -21.1745
v 1.447 -1.5794989 -21.1745
v 3.447 -0.11243855 -21.1745
v 5.447 1.04440165 -21.1745
v 7.447 1.60778666 -21.1745
v 9.447 1.43978 -21.1745
v 11.447 0.58151591 -21.1745
v 13.447 -0.7568728 -21.1745
v 15.447 -2.2477018 -21.1745
v 17.447 -3.52596426 -21.1745
v 19.447 -4.27869677 -21.1745
v 21.447 -4.32160449 -21.1745
v 23.447 -3.644182 -21.1745
v 25.447 -2.41228568 -21.1745
v 27.447 -0.927526946 -21.1745
v 29.447 0.4465735 -21.1745
v 31.447 1.373588 -21.1745
v 33.447 1.626551 -21.1745
v 35.447 1.14352823 -21.1745
v 37.447 0.04278088 -21.1745
v 39.447 -1.40619009 -21.1745
v 41.447 -2.84862589 -21.1745
v 43.447 -3.93136787 -21.1745
v 45.447 -4.38932323 -21.1745
v 47.447 -4.11036825 -21.1745
v 49.447 -3.16280114 -21.1745
v -48.553 -1.379498 -19.1745
v -46.553 -0.7147547 -19.1745
v -44.553 -0.21276378 -19.1745
v -42.553 0.00357 -19.1745
v -40.553 -0.11871969 -19.1745
v -38.553 -0.549691732 -19.1745
v -36.553 -1.1838293 -19.1745
v -34.553 -1.86587342 -19.1745
v -32.553 -2.42883586 -19.1745
v -30.553 -2.73488378 -19.1745
v -28.553 -2.709086 -19.1745
v -26.553 -2.35775876 -19.1745
v -24.553 -1.7669191 -19.1745
v -22.553 -1.08122527 -19.1745
v -20.553 -0.468558962 -19.1745
v -18.553 -0.07892239 -19.1745
v -16.553 -0.007712 -19.1745
v -14.553 -0.2723627 -19.1745
v -12.553 -0.8080787 -19.1745
v -10.553 -1.48369813 -19.1745
v -8.553 -2.13380575 -19.1745
v -6.553 -2.59923243 -19.1745
v -4.553 -2.76602566 -19.1745
v -2.553 -2.5933485 -19.1745
v -0.553 -2.1234785 -19.1745
v 1.447 -1.47145605 -19.1745
v 3.447 -0.7969191 -19.1745
v 5.447 -0.26501774 -19.1745
v 7.447 -0.00598 -19.1745
v 9.447 -0.08322751 -19.1745
v 11.447 -0.477847035 -19.1745
v 13.447 -1.09322231 -19.1745
v 15.447 -1.7786878 -19.1745
v 17.447 -2.3664177 -19.1745
v 19.447 -2.71251523 -19.1745
v 21.447 -2.73224365 -19.1745
v 23.447 -2.42077279 -19.1745
v 25.447 -1.85436153 -19.1745
v 27.447 -1.17168708 -19.1745
v 29.447 -0.539892 -19.1745
v 31.447 -0.11366176 -19.1745
v 33.447 0.00264764 -19.1745
v 35.447 -0.21944046 -19.1745
v 37.447 -0.725551064 -19.1745
v 39.447 -1.39177071 -19.1745
v 41.447 -2.0549856 -19.1745
v 43.447 -2.55281758 -19.1745
v 45.447 -2.76337993 -19.1745
v 47.447 -2.63511979 -19.1745
v 49.447 -2.1994396 -19.1745
v -48.553 -1.379498 -17.1745
v -46.553 -1.65852373 -17.1745
v -44.553 -1.8692342 -17.1745
v -42.553 -1.9600402 -17.1745
v -40.553 -1.9087092 -17.1745
v -38.553 -1.72780886 -17.1745
v -36.553 -1.46162986 -17.1745
v -34.553 -1.17534211 -17.1745
v -32.553 -0.939038838 -17.1745
v -30.553 -0.810575361 -17.1745
v -28.553 -0.8214039 -17.1745
v -26.553 -0.968873436 -17.1745
v -24.553 -1.21687814 -17.1745
v -22.553 -1.50469787 -17.1745
v -20.553 -1.7618643 -17.1745
v -18.553 -1.9254141 -17.1745
v -16.553 -1.9553046 -17.1745
v -14.553 -1.84421762 -17.1745
v -12.553 -1.61935102 -17.1745
v -10.553 -1.33576004 -17.1745
v -8.553 -1.06287762 -17.1745
v -6.553 -0.867514963 -17.1745
v -4.553 -0.7975035 -17.1745
v -2.553 -0.869984741 -17.1745
v -0.553 -1.0672125 -17.1745
v 1.447 -1.34089865 -17.1745
v 3.447 -1.62403526 -17.1745
v 5.447 -1.84730064 -17.1745
v 7.447 -1.9560316 -17.1745
v 9.447 -1.92360705 -17.1745
v 11.447 -1.75796562 -17.1745
v 13.447 -1.4996621 -17.1745
v 15.447 -1.21193824 -17.1745
v 17.447 -0.965238834 -17.1745
v 19.447 -0.8199645 -17.1745
v 21.447 -0.811683531 -17.1745
v 23.447 -0.942423339 -17.1745
v 25.447 -1.18017423 -17.1745
v 27.447 -1.46672655 -17.1745
v 29.447 -1.7319223 -17.1745
v 31.447 -1.9108323 -17.1745
v 33.447 -1.9596531 -17.1745
v 35.447 -1.86643168 -17.1745
v 37.447 -1.65399196 -17.1745
v 39.447 -1.37434654 -17.1745
v 41.447 -1.09596237 -17.1745
v 43.447 -0.8869976 -17.1745
v 45.447 -0.798614139 -17.1745
v 47.447 -0.85245126 -17.1745
v 49.447 -1.03532785 -17.1745
v -48.553 -1.379498 -15.1745
v -46.553 -2.53397762 -15.1745
v -44.553 -3.4058 -15.1745
v -42.553 -3.78151345 -15.1745
v -40.553 -3.56912946 -15.1745
v -38.553 -2.82064735 -15.1745
v -36.553 -1.7193217 -15.1745
v -34.553 -0.5347953 -15.1745
v -32.553 0.44291854 -15.1745
v -30.553 0.974441 -15.1745
v -28.553 0.92963744 -15.1745
v -26.553 0.31947673 -15.1745
v -24.553 -0.70665216 -15.1745
v -22.553 -1.8975172 -15.1745
v -20.553 -2.96155309 -15.1745
v -18.553 -3.63824653 -15.1745
v -16.553 -3.76191973 -15.1745
v -14.553 -3.302293 -15.1745
v -12.553 -2.371899 -15.1745
v -10.553 -1.19853052 -15.1745
v -8.553 -0.06946921 -15.1745
v -6.553 0.73885131 -15.1745
v -4.553 1.028526 -15.1745
v -2.553 0.72863246 -15.1745
v -0.553 -0.08740484 -15.1745
v 1.447 -1.21979172 -15.1745
v 3.447 -2.39128029 -15.1745
v 5.447 -3.31504929 -15.1745
v 7.447 -3.76492786 -15.1745
v 9.447 -3.63076972 -15.1745
v 11.447 -2.94542217 -15.1745
v 13.447 -1.87668153 -15.1745
v 15.447 -0.686213131 -15.1745
v 17.447 0.334515 -15.1745
v 19.447 0.935593 -15.1745
v 21.447 0.96985579 -15.1745
v 23.447 0.428915 -15.1745
v 25.447 -0.5547883 -15.1745
v 27.447 -1.74040946 -15.1745
v 29.447 -2.83766686 -15.1745
v 31.447 -3.57791376 -15.1745
v 33.447 -3.77991175 -15.1745
v 35.447 -3.39420461 -15.1745
v 37.447 -2.51522719 -15.1745
v 39.447 -1.35818362 -15.1745
v 41.447 -0.20635855 -15.1745
v 43.447 0.658241 -15.1745
v 45.447 1.023931 -15.1745
v 47.447 0.801178 -15.1745
v 49.447 0.04451907 -15.1745
v -48.553 -1.379498 -13.1745
v -46.553 -3.12677443 -13.1745
v -44.553 -4.44625663 -13.1745
v -42.553 -5.01488947 -13.1745
v -40.553 -4.6934514 -13.1745
v -38.553 -3.56064224 -13.1745
v -36.553 -1.89381283 -13.1745
v -34.553 -0.1010611 -13.1745
v -32.553 1.37868453 -13.1745
v -30.553 2.183131 -13.1745
v -28.553 2.11532164 -13.1745
v -26.553 1.19185853 -13.1745
v -24.553 -0.36116242 -13.1745
v -22.553 -2.16350734 -13.1745
v -20.553 -3.77389955 -13.1745
v -18.553 -4.7980585 -13.1745
v -16.553 -4.985235 -13.1745
v -14.553 -4.289601 -13.1745
v -12.553 -2.88147246 -13.1745
v -10.553 -1.10560816 -13.1745
v -8.553 0.60319841 -13.1745
v -6.553 1.82657171 -13.1745
v -4.553 2.26498747 -13.1745
v -2.553 1.81110573 -13.1745
v -0.553 0.57605327 -13.1745
v 1.447 -1.13778646 -13.1745
v 3.447 -2.91080558 -13.1745
v 5.447 -4.30890727 -13.1745
v 7.447 -4.98978734 -13.1745
v 9.447 -4.78674268 -13.1745
v 11.447 -3.74948573 -13.1745
v 13.447 -2.1319731 -13.1745
v 15.447 -0.33022832 -13.1745
v 17.447 1.21461845 -13.1745
v 19.447 2.12433529 -13.1745
v 21.447 2.17619133 -13.1745
v 23.447 1.35749078 -13.1745
v 25.447 -0.13132011 -13.1745
v 27.447 -1.9257286 -13.1745
v 29.447 -3.58640074 -13.1745
v 31.447 -4.706746 -13.1745
v 33.447 -5.01246523 -13.1745
v 35.447 -4.42870688 -13.1745
v 37.447 -3.0983963 -13.1745
v 39.447 -1.34723922 -13.1745
v 41.447 0.3960197 -13.1745
v 43.447 1.70457 -13.1745
v 45.447 2.258033 -13.1745
v 47.447 1.9209013 -13.1745
v 49.447 0.775717 -13.1745
v -48.553 -1.379498 -11.1745
v -46.553 -3.29177725 -11.1745
v -44.553 -4.73586368 -11.1745
v -42.553 -5.358195 -11.1745
v -40.553 -5.00640225 -11.1745
v -38.553 -3.766617 -11.1745
v -36.553 -1.94238173 -11.1745
v -34.553 0.01966715 -11.1745
v -32.553 1.63915158 -11.1745
v -30.553 2.51956535 -11.1745
v -28.553 2.44535256 -11.1745
v -26.553 1.43468261 -11.1745
v -24.553 -0.26499664 -11.1745
v -22.553 -2.23754465 -11.1745
v -20.553 -4.000013 -11.1745
v -18.553 -5.12088775 -11.1745
v -16.553 -5.32574 -11.1745
v -14.553 -4.5644145 -11.1745
v -12.553 -3.02331042 -11.1745
v -10.553 -1.07974356 -11.1745
v -8.553 0.790433 -11.1745
v -6.553 2.12933469 -11.1745
v -4.553 2.60915161 -11.1745
v -2.553 2.11240817 -11.1745
v -0.553 0.76072431 -11.1745
v 1.447 -1.1149606 -11.1745
v 3.447 -3.05541348 -11.1745
v 5.447 -4.58554387 -11.1745
v 7.447 -5.33072257 -11.1745
v 9.447 -5.10850334 -11.1745
v 11.447 -3.97329378 -11.1745
v 13.447 -2.2030325 -11.1745
v 15.447 -0.23114132 -11.1745
v 17.447 1.459592 -11.1745
v 19.447 2.45521713 -11.1745
v 21.447 2.51197029 -11.1745
v 23.447 1.61595631 -11.1745
v 25.447 -0.01344943 -11.1745
v 27.447 -1.97731155 -11.1745
v 29.447 -3.794808 -11.1745
v 31.447 -5.02095246 -11.1745
v 33.447 -5.3555417 -11.1745
v 35.447 -4.716657 -11.1745
v 37.447 -3.26071918 -11.1745
v 39.447 -1.34419288 -11.1745
v 41.447 0.56368948 -11.1745
v 43.447 1.995812 -11.1745
v 45.447 2.60154057 -11.1745
v 47.447 2.23257232 -11.1745
v 49.447 0.979243 -11.1745
v -48.553 -1.379498 -9.1745
v -46.553 -2.98858726 -9.1745
v -44.553 -4.20371532 -9.1745
v -42.553 -4.72737646 -9.1745
v -40.553 -4.43136024 -9.1745
v -38.553 -3.38814163 -9.1745
v -36.553 -1.8531371 -9.1745
v -34.553 -0.20216918 -9.1745
v -32.553 1.16054774 -9.1745
v -30.553 1.90137268 -9.1745
v -28.553 1.83892632 -9.1745
v -26.553 0.988497 -9.1745
v -24.553 -0.4416997 -9.1745
v -22.553 -2.10150223 -9.1745
v -20.553 -3.584533 -9.1745
v -18.553 -4.52769422 -9.1745
v -16.553 -4.70006728 -9.1745
v -14.553 -4.05944919 -9.1745
v -12.553 -2.76268553 -9.1745
v -10.553 -1.12726932 -9.1745
v -8.553 0.44639254 -9.1745
v -6.553 1.5730126 -9.1745
v -4.553 1.97675515 -9.1745
v -2.553 1.55877 -9.1745
v -0.553 0.42139423 -9.1745
v 1.447 -1.15690275 -9.1745
v 3.447 -2.78969872 -9.1745
v 5.447 -4.07722854 -9.1745
v 7.447 -4.70425963 -9.1745
v 9.447 -4.51727318 -9.1745
v 11.447 -3.56205 -9.1745
v 13.447 -2.0724619 -9.1745
v 15.447 -0.4132121 -9.1745
v 17.447 1.009457 -9.1745
v 19.447 1.84722686 -9.1745
v 21.447 1.89498187 -9.1745
v 23.447 1.14103 -9.1745
v 25.447 -0.23003506 -9.1745
v 27.447 -1.8825288 -9.1745
v 29.447 -3.411863 -9.1745
v 31.447 -4.44360351 -9.1745
v 33.447 -4.725144 -9.1745
v 35.447 -4.18755364 -9.1745
v 37.447 -2.96245348 -9.1745
v 39.447 -1.34979047 -9.1745
v 41.447 0.255599 -9.1745
v 43.447 1.46065975 -9.1745
v 45.447 1.97035075 -9.1745
v 47.447 1.659882 -9.1745
v 49.447 0.605267 -9.1745
v -48.553 -1.379498 -7.1745
v -46.553 -2.29143625 -7.1745
v -44.553 -2.98010015 -7.1745
v -42.553 -3.27688086 -7.1745
v -40.553 -3.10911607 -7.1745
v -38.553 -2.51788043 -7.1745
v -36.553 -1.6479291 -7.1745
v -34.553 -0.7122565 -7.1745
v -32.553 0.06005216 -7.1745
v -30.553 0.47990871 -7.1745
v -28.553 0.44451774 -7.1745
v -26.553 -0.03745615 -7.1745
v -24.553 -0.848008449 -7.1745
v -22.553 -1.788688 -7.1745
v -20.553 -2.62918353 -7.1745
v -18.553 -3.1637125 -7.1745
v -16.553 -3.26140356 -7.1745
v -14.553 -2.89833855 -7.1745
v -12.553 -2.1634083 -7.1745
v -10.553 -1.23654946 -7.1745
v -8.553 -0.34468936 -7.1745
v -6.553 0.29381335 -7.1745
v -4.553 0.52263117 -7.1745
v -2.553 0.28574133 -7.1745
v -0.553 -0.358857 -7.1745
v 1.447 -1.25334395 -7.1745
v 3.447 -2.1787178 -7.1745
v 5.447 -2.90841472 -7.1745
v 7.447 -3.26377964 -7.1745
v 9.447 -3.15780651 -7.1745
v 11.447 -2.6164416 -7.1745
v 13.447 -1.77222967 -7.1745
v 15.447 -0.831863339 -7.1745
v 17.447 -0.02557718 -7.1745
v 19.447 0.44922209 -7.1745
v 21.447 0.47628677 -7.1745
v 23.447 0.04899073 -7.1745
v 25.447 -0.7280492 -7.1745
v 27.447 -1.6645866 -7.1745
v 29.447 -2.53132426 -7.1745
v 31.447 -3.11605477 -7.1745
v 33.447 -3.27561557 -7.1745
v 35.447 -2.97094058 -7.1745
v 37.447 -2.2766251 -7.1745
v 39.447 -1.3626615 -7.1745
v 41.447 -0.4528201 -7.1745
v 43.447 0.23013831 -7.1745
v 45.447 0.51900149 -7.1745
v 47.447 0.34304584 -7.1745
v 49.447 -0.25464856 -7.1745
v -48.553 -1.379498 -5.1745
v -46.553 -1.37101083 -5.1745
v -44.553 -1.36460161 -5.1745
v -42.553 -1.36183955 -5.1745
v -40.553 -1.3634009 -5.1745
v -38.553 -1.36890337 -5.1745
v -36.553 -1.37699978 -5.1745
v -34.553 -1.38570784 -5.1745
v -32.553 -1.39289552 -5.1745
v -30.553 -1.39680301 -5.1745
v -28.553 -1.39647364 -5.1745
v -26.553 -1.39198803 -5.1745
v -24.553 -1.38444443 -5.1745
v -22.553 -1.37568978 -5.1745
v -20.553 -1.3678675 -5.1745
v -18.553 -1.36289278 -5.1745
v -16.553 -1.3619836 -5.1745
v -14.553 -1.36536255 -5.1745
v -12.553 -1.37220235 -5.1745
v -10.553 -1.38082838 -5.1745
v -8.553 -1.38912869 -5.1745
v -6.553 -1.39507107 -5.1745
v -4.553 -1.39720062 -5.1745
v -2.553 -1.39499595 -5.1745
v -0.553 -1.38899684 -5.1745
v 1.447 -1.38067208 -5.1745
v 3.447 -1.37205987 -5.1745
v 5.447 -1.36526877 -5.1745
v 7.447 -1.36196148 -5.1745
v 9.447 -1.36294775 -5.1745
v 11.447 -1.36798609 -5.1745
v 13.447 -1.37584295 -5.1745
v 15.447 -1.38459469 -5.1745
v 17.447 -1.39209859 -5.1745
v 19.447 -1.39651742 -5.1745
v 21.447 -1.3967693 -5.1745
v 23.447 -1.39279257 -5.1745
v 25.447 -1.38556086 -5.1745
v 27.447 -1.37684476 -5.1745
v 29.447 -1.36877825 -5.1745
v 31.447 -1.36333632 -5.1745
v 33.447 -1.36185133 -5.1745
v 35.447 -1.36468686 -5.1745
v 37.447 -1.37114867 -5.1745
v 39.447 -1.37965469 -5.1745
v 41.447 -1.38812235 -5.1745
v 43.447 -1.39447846 -5.1745
v 45.447 -1.39716684 -5.1745
v 47.447 -1.39552927 -5.1745
v 49.447 -1.38996668 -5.1745
v -48.553 -1.379498 -3.1745
v -46.553 -0.452663357 -3.1745
v -44.553 0.24724973 -3.1745
v -42.553 0.54887832 -3.1745
v -40.553 0.37837315 -3.1745
v -38.553 -0.22252023 -3.1745
v -36.553 -1.10668212 -3.1745
v -34.553 -2.0576388 -3.1745
v -32.553 -2.842563 -3.1745
v -30.553 -3.26927793 -3.1745
v -28.553 -3.23330879 -3.1745
v -26.553 -2.743462 -3.1745
v -24.553 -1.9196693 -3.1745
v -22.553 -0.963623936 -3.1745
v -20.553 -0.109399 -3.1745
v -18.553 0.43386138 -3.1745
v -16.553 0.53314817 -3.1745
v -14.553 0.16415251 -3.1745
v -12.553 -0.5827827 -3.1745
v -10.553 -1.52478158 -3.1745
v -8.553 -2.43121 -3.1745
v -6.553 -3.08014261 -3.1745
v -4.553 -3.31269812 -3.1745
v -2.553 -3.07193887 -3.1745
v -0.553 -2.416811 -3.1745
v 1.447 -1.50771275 -3.1745
v 3.447 -0.567223067 -3.1745
v 5.447 0.17439342 -3.1745
v 7.447 0.53556312 -3.1745
v 9.447 0.427859 -3.1745
v 11.447 -0.12234914 -3.1745
v 13.447 -0.980351145 -3.1745
v 15.447 -1.9360782 -3.1745
v 17.447 -2.755535 -3.1745
v 19.447 -3.23808991 -3.1745
v 21.447 -3.26559674 -3.1745
v 23.447 -2.83132088 -3.1745
v 25.447 -2.04158806 -3.1745
v 27.447 -1.08975252 -3.1745
v 29.447 -0.20885682 -3.1745
v 31.447 0.38542521 -3.1745
v 33.447 0.54759241 -3.1745
v 35.447 0.23794055 -3.1745
v 37.447 -0.467716451 -3.1745
v 39.447 -1.39660952 -3.1745
v 41.447 -2.3213131 -3.1745
v 43.447 -3.01542747 -3.1745
v 45.447 -3.30900919 -3.1745
v 47.447 -3.1301794 -3.1745
v 49.447 -2.52272164 -3.1745
v -48.553 -1.379498 -1.1745
v -46.553 0.23876262 -1.1745
v -44.553 1.46081639 -1.1745
v -42.553 1.98746229 -1.1745
v -40.553 1.68975878 -1.1745
v -38.553 0.64059425 -1.1745
v -36.553 -0.903159315 -1.1745
v -34.553 -2.56353724 -1.1745
v -32.553 -3.93402123 -1.1745
v -30.553 -4.67906856 -1.1745
v -28.553 -4.61626625 -1.1745
v -26.553 -3.76099 -1.1745
v -24.553 -2.3226414 -1.1745
v -22.553 -0.6533786 -1.1745
v -20.553 0.838105 -1.1745
v -18.553 1.78664184 -1.1745
v -16.553 1.95999742 -1.1745
v -14.553 1.315728 -1.1745
v -12.553 0.01157332 -1.1745
v -10.553 -1.63316428 -1.1745
v -8.553 -3.21579551 -1.1745
v -6.553 -4.34883713 -1.1745
v -4.553 -4.754881 -1.1745
v -2.553 -4.334513 -1.1745
v -0.553 -3.19065475 -1.1745
v 1.447 -1.60336197 -1.1745
v 3.447 0.0387404 -1.1745
v 5.447 1.33360863 -1.1745
v 7.447 1.96421385 -1.1745
v 9.447 1.77616144 -1.1745
v 11.447 0.81549383 -1.1745
v 13.447 -0.6825844 -1.1745
v 15.447 -2.35129135 -1.1745
v 17.447 -3.78206944 -1.1745
v 19.447 -4.62461423 -1.1745
v 21.447 -4.67264127 -1.1745
v 23.447 -3.91439223 -1.1745
v 25.447 -2.53551256 -1.1745
v 27.447 -0.8736001 -1.1745
v 29.447 0.664451 -1.1745
v 31.447 1.702072 -1.1745
v 33.447 1.985217 -1.1745
v 35.447 1.44456268 -1.1745
v 37.447 0.21247972 -1.1745
v 39.447 -1.40937485 -1.1745
v 41.447 -3.02391457 -1.1745
v 43.447 -4.235844 -1.1745
v 45.447 -4.74843978 -1.1745
v 47.447 -4.43620157 -1.1745
v 49.447 -3.37557554 -1.1745
v -48.553 -1.379498 0.8255
v -46.553 0.53398192 0.8255
v -44.553 1.978975 0.8255
v -42.553 2.60169721 0.8255
v -40.553 2.24968339 0.8255
v -38.553 1.00911975 0.8255
v -36.553 -0.8162608 0.8255
v -34.553 -2.77954161 0.8255
v -32.553 -4.40004277 0.8255
v -30.553 -5.28100943 0.8255
v -28.553 -5.20675 0.8255
v -26.553 -4.19544553 0.8255
v -24.553 -2.49469912 0.8255
v -22.553 -0.5209126 0.8255
v -20.553 1.24266243 0.8255
v -18.553 2.364241 0.8255
v -16.553 2.56922174 0.8255
v -14.553 1.80741835 0.8255
v -12.553 0.26534653 0.8255
v -10.553 -1.67944064 0.8255
v -8.553 -3.55079126 0.8255
v -6.553 -4.89053368 0.8255
v -4.553 -5.370652 0.8255
v -2.553 -4.87359666 0.8255
v -0.553 -3.52106428 0.8255
v 1.447 -1.64420148 0.8255
v 3.447 0.29746974 0.8255
v 5.447 1.82856083 0.8255
v 7.447 2.57420731 0.8255
v 9.447 2.35184861 0.8255
v 11.447 1.21592641 0.8255
v 13.447 -0.555446441 0.8255
v 15.447 -2.52857565 0.8255
v 17.447 -4.22037053 0.8255
v 19.447 -5.216621 0.8255
v 21.447 -5.2734096 0.8255
v 23.447 -4.376833 0.8255
v 25.447 -2.74640429 0.8255
v 27.447 -0.7813091 0.8255
v 29.447 1.03732849 0.8255
v 31.447 2.264243 0.8255
v 33.447 2.59904218 0.8255
v 35.447 1.95975614 0.8255
v 37.447 0.5029043 0.8255
v 39.447 -1.41482529 0.8255
v 41.447 -3.32390558 0.8255
v 43.447 -4.756927 0.8255
v 45.447 -5.36303615 0.8255
v 47.447 -4.99383616 0.8255
v 49.447 -3.73972 0.8255
v -48.553 -1.379498 2.8255
v -46.553 0.36071468 2.8255
v -44.553 1.67486263 2.8255
v -42.553 2.24119664 2.8255
v -40.553 1.92105818 2.8255
v -38.553 0.79282833 2.8255
v -36.553 -0.8672624 2.8255
v -34.553 -2.65276646 2.8255
v -32.553 -4.12653 2.8255
v -30.553 -4.92772436 2.8255
v -28.553 -4.86018919 2.8255
v -26.553 -3.94045925 2.8255
v -24.553 -2.39371681 2.8255
v -22.553 -0.5986582 2.8255
v -20.553 1.00522352 2.8255
v -18.553 2.02524233 2.8255
v -16.553 2.21166182 2.8255
v -14.553 1.51884032 2.8255
v -12.553 0.11640442 2.8255
v -10.553 -1.6522806 2.8255
v -8.553 -3.3541789 2.8255
v -6.553 -4.57260656 2.8255
v -4.553 -5.00924968 2.8255
v -2.553 -4.557203 2.8255
v -0.553 -3.32714355 2.8255
v 1.447 -1.62023237 2.8255
v 3.447 0.14561892 2.8255
v 5.447 1.53806854 2.8255
v 7.447 2.216196 2.8255
v 9.447 2.013972 2.8255
v 11.447 0.98090864 2.8255
v 13.447 -0.630064959 2.8255
v 15.447 -2.42452573 2.8255
v 17.447 -3.96312713 2.8255
v 19.447 -4.86916613 2.8255
v 21.447 -4.92081284 2.8255
v 23.447 -4.10542178 2.8255
v 25.447 -2.62262976 2.8255
v 27.447 -0.8354756 2.8255
v 29.447 0.81848288 2.8255
v 31.447 1.934299 2.8255
v 33.447 2.23878217 2.8255
v 35.447 1.657384 2.8255
v 37.447 0.33245123 2.8255
v 39.447 -1.41162637 2.8255
v 41.447 -3.14783775 2.8255
v 43.447 -4.4510982 2.8255
v 45.447 -5.00232338 2.8255
v 47.447 -4.66655468 2.8255
v 49.447 -3.526 2.8255
v -48.553 -1.379498 4.8255
v -46.553 -0.23861742 4.8255
v -44.553 0.62293578 4.8255
v -42.553 0.99422336 4.8255
v -40.553 0.784341 4.8255
v -38.553 0.04467559 4.8255
v -36.553 -1.0436772 4.8255
v -34.553 -2.21425074 4.8255
v -32.553 -3.18044769 4.8255
v -30.553 -3.70570945 4.8255
v -28.553 -3.66143345 4.8255
v -26.553 -3.05845987 4.8255
v -24.553 -2.04441815 4.8255
v -22.553 -0.8675807 4.8255
v -20.553 0.18392158 4.8255
v -18.553 0.85264421 4.8255
v -16.553 0.97486043 4.8255
v -14.553 0.52064789 4.8255
v -12.553 -0.398786838 4.8255
v -10.553 -1.55833381 4.8255
v -8.553 -2.67409563 4.8255
v -6.553 -3.47289466 4.8255
v -4.553 -3.75915718 4.8255
v -2.553 -3.46279621 4.8255
v -0.553 -2.65637123 4.8255
v 1.447 -1.53732305 4.8255
v 3.447 -0.379633839 4.8255
v 5.447 0.53325379 4.8255
v 7.447 0.977833 4.8255
v 9.447 0.84525538 4.8255
v 11.447 0.16798068 4.8255
v 13.447 -0.888170953 4.8255
v 15.447 -2.0646165 4.8255
v 17.447 -3.0733211 4.8255
v 19.447 -3.66731882 4.8255
v 21.447 -3.701178 4.8255
v 23.447 -3.16660916 4.8255
v 25.447 -2.19449317 4.8255
v 27.447 -1.02283784 4.8255
v 29.447 0.06149459 4.8255
v 31.447 0.793022 4.8255
v 33.447 0.9926405 4.8255
v 35.447 0.61147678 4.8255
v 37.447 -0.25714683 4.8255
v 39.447 -1.40056131 4.8255
v 41.447 -2.53881871 4.8255
v 43.447 -3.393234 4.8255
v 45.447 -3.75461649 4.8255
v 47.447 -3.534487 4.8255
v 49.447 -2.78674113 4.8255
v -48.553 -1.379498 6.8255
v -46.553 -1.11727675 6.8255
v -44.553 -0.9192564 6.8255
v -42.553 -0.8339193 6.8255
v -40.553 -0.882158841 6.8255
v -38.553 -1.05216437 6.8255
v -36.553 -1.30231258 6.8255
v -34.553 -1.57135848 6.8255
v -32.553 -1.79343026 6.8255
v -30.553 -1.91415697 6.8255
v -28.553 -1.90398055 6.8255
v -26.553 -1.76539245 6.8255
v -24.553 -1.53232398 6.8255
v -22.553 -1.26183837 6.8255
v -20.553 -1.02015992 6.8255
v -18.553 -0.86646 6.8255
v -16.553 -0.838369663 6.8255
v -14.553 -0.9427664 6.8255
v -12.553 -1.15409026 6.8255
v -10.553 -1.42060182 6.8255
v -8.553 -1.67704972 6.8255
v -6.553 -1.8606466 6.8255
v -4.553 -1.9264415 6.8255
v -2.553 -1.85832557 6.8255
v -0.553 -1.67297595 6.8255
v 1.447 -1.41577268 6.8255
v 3.447 -1.14968812 6.8255
v 5.447 -0.939869041 6.8255
v 7.447 -0.8376864 6.8255
v 9.447 -0.8681582 6.8255
v 11.447 -1.0238238 6.8255
v 13.447 -1.26657085 6.8255
v 15.447 -1.53696638 6.8255
v 17.447 -1.76880815 6.8255
v 19.447 -1.9053332 6.8255
v 21.447 -1.9131155 6.8255
v 23.447 -1.7902496 6.8255
v 25.447 -1.56681738 6.8255
v 27.447 -1.29752284 6.8255
v 29.447 -1.04829868 6.8255
v 31.447 -0.880163635 6.8255
v 33.447 -0.8342831 6.8255
v 35.447 -0.921890164 6.8255
v 37.447 -1.1215356 6.8255
v 39.447 -1.38433921 6.8255
v 41.447 -1.64595752 6.8255
v 43.447 -1.8423373 6.8255
v 45.447 -1.9253978 6.8255
v 47.447 -1.87480306 6.8255
v 49.447 -1.7029403 6.8255
v -48.553 -1.379498 8.8255
v -46.553 -2.060137 8.8255
v -44.553 -2.57413184 8.8255
v -42.553 -2.79563868 8.8255
v -40.553 -2.67042481 8.8255
v -38.553 -2.2291471 8.8255
v -36.553 -1.57984565 8.8255
v -34.553 -0.881492073 8.8255
v -32.553 -0.30506777 8.8255
v -30.553 0.00829864 8.8255
v -28.553 -0.018116 8.8255
v -26.553 -0.37784457 8.8255
v -24.553 -0.982812668 8.8255
v -22.553 -1.6849032 8.8255
v -20.553 -2.3122199 8.8255
v -18.553 -2.71117377 8.8255
v -16.553 -2.78408694 8.8255
v -14.553 -2.51310777 8.8255
v -12.553 -1.9645814 8.8255
v -10.553 -1.27280617 8.8255
v -8.553 -0.6071528 8.8255
v -6.553 -0.13059651 8.8255
v -4.553 0.04018522 8.8255
v -2.553 -0.13662111 8.8255
v -0.553 -0.617727 8.8255
v 1.447 -1.285341 8.8255
v 3.447 -1.9760079 8.8255
v 5.447 -2.52062833 8.8255
v 7.447 -2.78586041 8.8255
v 9.447 -2.70676577 8.8255
v 11.447 -2.30270975 8.8255
v 13.447 -1.67261928 8.8255
v 15.447 -0.970762516 8.8255
v 17.447 -0.3689785 8.8255
v 19.447 -0.0146048 8.8255
v 21.447 0.00559533 8.8255
v 23.447 -0.31332361 8.8255
v 25.447 -0.89327925 8.8255
v 27.447 -1.59227822 8.8255
v 29.447 -2.23918116 8.8255
v 31.447 -2.67560374 8.8255
v 33.447 -2.7946943 8.8255
v 35.447 -2.56729555 8.8255
v 37.447 -2.0490825 8.8255
v 39.447 -1.36693182 8.8255
v 41.447 -0.6878578 8.8255
v 43.447 -0.17812132 8.8255
v 45.447 0.03747607 8.8255
v 47.447 -0.09385108 8.8255
v 49.447 -0.5399495 8.8255
v -48.553 -1.379498 10.8255
v -46.553 -2.83635318 10.8255
v -44.553 -3.93651914 10.8255
v -42.553 -4.41063761 10.8255
v -40.553 -4.142627 10.8255
v -38.553 -3.19810616 10.8255
v -36.553 -1.80832663 10.8255
v -34.553 -0.31355488 10.8255
v -32.553 0.92023683 10.8255
v -30.553 1.59097314 10.8255
v -28.553 1.5344348 10.8255
v -26.553 0.76446367 10.8255
v -24.553 -0.530423756 10.8255
v -22.553 -2.0331942 10.8255
v -20.553 -3.37591707 10.8255
v -18.553 -4.229847 10.8255
v -16.553 -4.385912 10.8255
v -14.553 -3.805902 10.8255
v -12.553 -2.63182377 10.8255
v -10.553 -1.1511324 10.8255
v -8.553 0.27364707 10.8255
v -6.553 1.293679 10.8255
v -4.553 1.6592238 10.8255
v -2.553 1.28078366 10.8255
v -0.553 0.25101388 10.8255
v 1.447 -1.17796224 10.8255
v 3.447 -2.65628123 10.8255
v 5.447 -3.82199931 10.8255
v 7.447 -4.3897078 10.8255
v 9.447 -4.22041177 10.8255
v 11.447 -3.35556125 10.8255
v 13.447 -2.0069014 10.8255
v 15.447 -0.504631336 10.8255
v 17.447 0.78344083 10.8255
v 19.447 1.54195 10.8255
v 21.447 1.585187 10.8255
v 23.447 0.90256572 10.8255
v 25.447 -0.33878445 10.8255
v 27.447 -1.8349376 10.8255
v 29.447 -3.21958327 10.8255
v 31.447 -4.15371179 10.8255
v 33.447 -4.408616 10.8255
v 35.447 -3.92188668 10.8255
v 37.447 -2.8126918 10.8255
v 39.447 -1.35260107 10.8255
v 41.447 0.10090435 10.8255
v 43.447 1.19195581 10.8255
v 45.447 1.65342546 10.8255
v 47.447 1.37232972 10.8255
v 49.447 0.41749061 10.8255
v -48.553 -1.379498 12.8255
v -46.553 -3.25588035 12.8255
v -44.553 -4.67285871 12.8255
v -42.553 -5.28350782 12.8255
v -40.553 -4.93831872 12.8255
v -38.553 -3.72180652 12.8255
v -36.553 -1.93181544 12.8255
v -34.553 -0.00659775 12.8255
v -32.553 1.58248616 12.8255
v -30.553 2.446373 12.8255
v -28.553 2.373553 12.8255
v -26.553 1.38185549 12.8255
v -24.553 -0.28591775 12.8255
v -22.553 -2.22143757 12.8255
v -20.553 -3.95082116 12.8255
v -18.553 -5.05065512 12.8255
v -16.553 -5.251662 12.8255
v -14.553 -4.504628 12.8255
v -12.553 -2.99245309 12.8255
v -10.553 -1.0853705 12.8255
v -8.553 0.74969936 12.8255
v -6.553 2.06346751 12.8255
v -4.553 2.53427768 12.8255
v -2.553 2.04685879 12.8255
v -0.553 0.72054863 12.8255
v 1.447 -1.11992645 12.8255
v 3.447 -3.02395355 12.8255
v 5.447 -4.52536058 12.8255
v 7.447 -5.25655078 12.8255
v 9.447 -5.03850317 12.8255
v 11.447 -3.9246037 12.8255
v 13.447 -2.18757325 12.8255
v 15.447 -0.252698 12.8255
v 17.447 1.40629721 12.8255
v 19.447 2.3832326 12.8255
v 21.447 2.4389205 12.8255
v 23.447 1.55972624 12.8255
v 25.447 -0.03909254 12.8255
v 27.447 -1.9660895 12.8255
v 29.447 -3.74946832 12.8255
v 31.447 -4.952596 12.8255
v 33.447 -5.28090429 12.8255
v 35.447 -4.65401244 12.8255
v 37.447 -3.22540521 12.8255
v 39.447 -1.34485562 12.8255
v 41.447 0.52721239 12.8255
v 43.447 1.93245125 12.8255
v 45.447 2.52680922 12.8255
v 47.447 2.16476727 12.8255
v 49.447 0.93496538 12.8255
v -48.553 -1.379498 14.8255
v -46.553 -3.21600365 14.8255
v -44.553 -4.60286855 14.8255
v -42.553 -5.20054 14.8255
v -40.553 -4.862687 14.8255
v -38.553 -3.672028 14.8255
v -36.553 -1.9200776 14.8255
v -34.553 -0.03577446 14.8255
v -32.553 1.51953841 14.8255
v -30.553 2.365066 14.8255
v -28.553 2.29379368 14.8255
v -26.553 1.32317138 14.8255
v -24.553 -0.30915844 14.8255
v -22.553 -2.2035448 14.8255
v -20.553 -3.89617586 14.8255
v -18.553 -4.97263622 14.8255
v -16.553 -5.16937112 14.8255
v -14.553 -4.438213 14.8255
v -12.553 -2.9581747 14.8255
v -10.553 -1.09162124 14.8255
v -8.553 0.70445 14.8255
v -6.553 1.990298 14.8255
v -4.553 2.4511025 14.8255
v -2.553 1.97404218 14.8255
v -0.553 0.67591858 14.8255
v 1.447 -1.12544283 14.8255
v 3.447 -2.9890058 14.8255
v 5.447 -4.45850515 14.8255
v 7.447 -5.17415618 14.8255
v 9.447 -4.96074247 14.8255
v 11.447 -3.87051534 14.8255
v 13.447 -2.17040014 14.8255
v 15.447 -0.2766447 14.8255
v 17.447 1.34709383 14.8255
v 19.447 2.30326772 14.8255
v 21.447 2.35777188 14.8255
v 23.447 1.49726224 14.8255
v 25.447 -0.06757867 14.8255
v 27.447 -1.9536233 14.8255
v 29.447 -3.699102 14.8255
v 31.447 -4.87666082 14.8255
v 33.447 -5.197992 14.8255
v 35.447 -4.58442282 14.8255
v 37.447 -3.1861763 14.8255
v 39.447 -1.34559184 14.8255
v 41.447 0.48669112 14.8255
v 43.447 1.862066 14.8255
v 45.447 2.44379282 14.8255
v 47.447 2.08944488 14.8255
v 49.447 0.88577867 14.8255
v -48.553 -1.379498 16.8255
v -46.553 -2.72648632 16.8255
v -44.553 -3.74368476 16.8255
v -42.553 -4.182048 16.8255
v -40.553 -3.93424916 16.8255
v -38.553 -3.06095814 16.8255
v -36.553 -1.77598708 16.8255
v -34.553 -0.3939416 16.8255
v -32.553 0.74680543 16.8255
v -30.553 1.366959 16.8255
v -28.553 1.3146844 16.8255
v -26.553 0.60277975 16.8255
v -24.553 -0.594455535 16.8255
v -22.553 -1.98389655 16.8255
v -20.553 -3.22535979 16.8255
v -18.553 -4.01489162 16.8255
v -16.553 -4.15918731 16.8255
v -14.553 -3.622918 16.8255
v -12.553 -2.53738129 16.8255
v -10.553 -1.1683543 16.8255
v -8.553 0.14897728 16.8255
v -6.553 1.092085 16.8255
v -4.553 1.43006278 16.8255
v -2.553 1.080162 16.8255
v -0.553 0.12805093 16.8255
v 1.447 -1.19316078 16.8255
v 3.447 -2.55999434 16.8255
v 5.447 -3.63780117 16.8255
v 7.447 -4.16269683 16.8255
v 9.447 -4.00616812 16.8255
v 11.447 -3.20653915 16.8255
v 13.447 -1.9595866 16.8255
v 15.447 -0.570608253 16.8255
v 17.447 0.62032557 16.8255
v 19.447 1.32163287 16.8255
v 21.447 1.36160923 16.8255
v 23.447 0.73046685 16.8255
v 25.447 -0.41726845 16.8255
v 27.447 -1.80059122 16.8255
v 29.447 -3.08081567 16.8255
v 31.447 -3.9444983 16.8255
v 33.447 -4.18017935 16.8255
v 35.447 -3.7301557 16.8255
v 37.447 -2.70460939 16.8255
v 39.447 -1.35462947 16.8255
v 41.447 -0.01073825 16.8255
v 43.447 0.998033 16.8255
v 45.447 1.42470146 16.8255
v 47.447 1.16480423 16.8255
v 49.447 0.28197313 16.8255
v -48.553 -1.379498 18.8255
v -46.553 -1.90717935 18.8255
v -44.553 -2.3056659 18.8255
v -42.553 -2.47739422 18.8255
v -40.553 -2.38031923 18.8255
v -38.553 -2.03820836 18.8255
v -36.553 -1.5348222 18.8255
v -34.553 -0.993407245 18.8255
v -32.553 -0.546520765 18.8255
v -30.553 -0.30357611 18.8255
v -28.553 -0.32405471 18.8255
v -26.553 -0.602942641 18.8255
v -24.553 -1.0719584 18.8255
v -22.553 -1.61627055 18.8255
v -20.553 -2.10261255 18.8255
v -18.553 -2.41191089 18.8255
v -16.553 -2.4684385 18.8255
v -14.553 -2.25835555 18.8255
v -12.553 -1.83309763 18.8255
v -10.553 -1.29678266 18.8255
v -8.553 -0.7807193 18.8255
v -6.553 -0.411257858 18.8255
v -4.553 -0.27885532 18.8255
v -2.553 -0.4159286 18.8255
v -0.553 -0.7889172 18.8255
v 1.447 -1.30650058 18.8255
v 3.447 -1.84195628 18.8255
v 5.447 -2.2641861 18.8255
v 7.447 -2.46981334 18.8255
v 9.447 -2.40849339 18.8255
v 11.447 -2.0952396 18.8255
v 13.447 -1.60674713 18.8255
v 15.447 -1.06261625 18.8255
v 17.447 -0.5960691 18.8255
v 19.447 -0.32133257 18.8255
v 21.447 -0.30567193 18.8255
v 23.447 -0.55292135 18.8255
v 25.447 -1.00254553 18.8255
v 27.447 -1.54446086 18.8255
v 29.447 -2.0459875 18.8255
v 31.447 -2.38433432 18.8255
v 33.447 -2.47666215 18.8255
v 35.447 -2.30036586 18.8255
v 37.447 -1.8986091 18.8255
v 39.447 -1.36975578 18.8255
v 41.447 -0.8432877 18.8255
v 43.447 -0.4481026 18.8255
v 45.447 -0.28095555 18.8255
v 47.447 -0.382770057 18.8255
v 49.447 -0.7286183 18.8255
v -48.553 -1.379498 20.8255
v -46.553 -0.9586775 20.8255
v -44.553 -0.640888567 20.8255
v -42.553 -0.503936941 20.8255
v -40.553 -0.581353242 20.8255
v -38.553 -0.8541832 20.8255
v -36.553 -1.25562853 20.8255
v -34.553 -1.68740144 20.8255
v -32.553 -2.04378884 20.8255
v -30.553 -2.2375347 20.8255
v -28.553 -2.22120326 20.8255
v -26.553 -1.99879294 20.8255
v -24.553 -1.6247577 20.8255
v -22.553 -1.1906743 20.8255
v -20.553 -0.8028215 20.8255
v -18.553 -0.556159253 20.8255
v -16.553 -0.511079 20.8255
v -14.553 -0.678618069 20.8255
v -12.553 -1.01775693 20.8255
v -10.553 -1.44546264 20.8255
v -8.553 -1.85701793 20.8255
v -6.553 -2.15165966 20.8255
v -4.553 -2.2572493 20.8255
v -2.553 -2.1479348 20.8255
v -0.553 -1.8504802 20.8255
v 1.447 -1.4377127 20.8255
v 3.447 -1.01069223 20.8255
v 5.447 -0.673968251 20.8255
v 7.447 -0.5099826 20.8255
v 9.447 -0.5588847 20.8255
v 11.447 -0.8087014 20.8255
v 13.447 -1.19826912 20.8255
v 15.447 -1.63220798 20.8255
v 17.447 -2.0042746 20.8255
v 19.447 -2.2233741 20.8255
v 21.447 -2.2358633 20.8255
v 23.447 -2.0386845 20.8255
v 25.447 -1.68011376 20.8255
v 27.447 -1.2479418 20.8255
v 29.447 -0.8479794 20.8255
v 31.447 -0.5781513 20.8255
v 33.447 -0.504520769 20.8255
v 35.447 -0.645115251 20.8255
v 37.447 -0.9655122 20.8255
v 39.447 -1.38726732 20.8255
v 41.447 -1.80712023 20.8255
v 43.447 -2.12227636 20.8255
v 45.447 -2.25557434 20.8255
v 47.447 -2.17437833 20.8255
v 49.447 -1.8985679 20.8255
v -48.553 -1.379498 22.8255
v -46.553 -0.11320722 22.8255
v -44.553 0.84305144 22.8255
v -42.553 1.25515247 22.8255
v -40.553 1.02219916 22.8255
v -38.553 0.2012266 22.8255
v -36.553 -1.0067624 22.8255
v -34.553 -2.3060101 22.8255
v -32.553 -3.37841534 22.8255
v -30.553 -3.96141576 22.8255
v -28.553 -3.912273 22.8255
v -26.553 -3.24301815 22.8255
v -24.553 -2.1175089 22.8255
v -22.553 -0.811308737 22.8255
v -20.553 0.35577894 22.8255
v -18.553 1.09801 22.8255
v -16.553 1.23366118 22.8255
v -14.553 0.72951961 22.8255
v -12.553 -0.29098308 22.8255
v -10.553 -1.57799217 22.8255
v -8.553 -2.81640291 22.8255
v -6.553 -3.70300936 22.8255
v -4.553 -4.020739 22.8255
v -2.553 -3.69180083 22.8255
v -0.553 -2.79673028 22.8255
v 1.447 -1.55467182 22.8255
v 3.447 -0.26972472 22.8255
v 5.447 0.7435112 22.8255
v 7.447 1.23696042 22.8255
v 9.447 1.08980918 22.8255
v 11.447 0.33808578 22.8255
v 13.447 -0.8341623 22.8255
v 15.447 -2.13992744 22.8255
v 17.447 -3.2595129 22.8255
v 19.447 -3.91880536 22.8255
v 21.447 -3.95638656 22.8255
v 23.447 -3.3630557 22.8255
v 25.447 -2.28408074 22.8255
v 27.447 -0.983632321 22.8255
v 29.447 0.21989429 22.8255
v 31.447 1.03183413 22.8255
v 33.447 1.25339556 22.8255
v 35.447 0.83033276 22.8255
v 37.447 -0.13377356 22.8255
v 39.447 -1.40287667 22.8255
v 41.447 -2.66625583 22.8255
v 43.447 -3.614592 22.8255
v 45.447 -4.015699 22.8255
v 47.447 -3.771372 22.8255
v 49.447 -2.941431 22.8255
v -48.553 -1.379498 24.8255
v -46.553 0.422231 24.8255
v -44.553 1.78283358 24.8255
v -42.553 2.3691876 24.8255
v -40.553 2.03773213 24.8255
v -38.553 0.86961985 24.8255
v -36.553 -0.849155 24.8255
v -34.553 -2.69777631 24.8255
v -32.553 -4.223637 24.8255
v -30.553 -5.05315351 24.8255
v -28.553 -4.983231 24.8255
v -26.553 -4.03098869 24.8255
v -24.553 -2.42956924 24.8255
v -22.553 -0.571055646 24.8255
v -20.553 1.089523 24.8255
v -18.553 2.14559913 24.8255
v -16.553 2.33860875 24.8255
v -14.553 1.62129617 24.8255
v -12.553 0.16928435 24.8255
v -10.553 -1.6619234 24.8255
v -8.553 -3.42398357 24.8255
v -6.553 -4.68548226 24.8255
v -4.553 -5.13756084 24.8255
v -2.553 -4.66953444 24.8255
v -0.553 -3.39599251 24.8255
v 1.447 -1.62874229 24.8255
v 3.447 0.19953156 24.8255
v 5.447 1.641204 24.8255
v 7.447 2.34330321 24.8255
v 9.447 2.13393069 24.8255
v 11.447 1.06434846 24.8255
v 13.447 -0.603572662 24.8255
v 15.447 -2.46146726 24.8255
v 17.447 -4.05445814 24.8255
v 19.447 -4.99252533 24.8255
v 21.447 -5.04599761 24.8255
v 23.447 -4.2017827 24.8255
v 25.447 -2.66657435 24.8255
v 27.447 -0.816244538 24.8255
v 29.447 0.896181 24.8255
v 31.447 2.0514412 24.8255
v 33.447 2.36668754 24.8255
v 35.447 1.76473713 24.8255
v 37.447 0.3929683 24.8255
v 39.447 -1.4127621 24.8255
v 41.447 -3.21034836 24.8255
v 43.447 -4.55967855 24.8255
v 45.447 -5.13038969 24.8255
v 47.447 -4.78275179 24.8255
v 49.447 -3.6018784 24.8255
v -48.553 -1.379498 26.8255
v -46.553 0.516543 26.8255
v -44.553 1.948367 26.8255
v -42.553 2.56541372 26.8255
v -40.553 2.21660829 26.8255
v -38.553 0.98735071 26.8255
v -36.553 -0.821394 26.8255
v -34.553 -2.766782 26.8255
v -32.553 -4.37251448 26.8255
v -30.553 -5.24545216 26.8255
v -28.553 -5.17186951 26.8255
v -26.553 -4.169782 26.8255
v -24.553 -2.48453557 26.8255
v -22.553 -0.5287375 26.8255
v -20.553 1.21876479 26.8255
v -18.553 2.33012152 26.8255
v -16.553 2.53323436 26.8255
v -14.553 1.77837372 26.8255
v -12.553 0.25035584 26.8255
v -10.553 -1.67670705 26.8255
v -8.553 -3.53100276 26.8255
v -6.553 -4.858535 26.8255
v -4.553 -5.33427786 26.8255
v -2.553 -4.84175229 26.8255
v -0.553 -3.50154662 26.8255
v 1.447 -1.64178904 26.8255
v 3.447 0.28218627 26.8255
v 5.447 1.79932356 26.8255
v 7.447 2.5381744 26.8255
v 9.447 2.31784225 26.8255
v 11.447 1.19227243 26.8255
v 13.447 -0.562956567 26.8255
v 15.447 -2.51810336 26.8255
v 17.447 -4.1944797 26.8255
v 19.447 -5.1816504 26.8255
v 21.447 -5.23792171 26.8255
v 23.447 -4.34951615 26.8255
v 25.447 -2.73394668 26.8255
v 27.447 -0.786760862 26.8255
v 29.447 1.01530219 26.8255
v 31.447 2.23103476 26.8255
v 33.447 2.562783 26.8255
v 35.447 1.9293232 26.8255
v 37.447 0.48574865 26.8255
v 39.447 -1.41450332 26.8255
v 41.447 -3.30618476 26.8255
v 43.447 -4.72614622 26.8255
v 45.447 -5.3267312 26.8255
v 47.447 -4.960896 26.8255
v 49.447 -3.71820974 26.8255
v -48.553 -1.379498 28.8255
v -46.553 0.14663816 28.8255
v -44.553 1.29912282 28.8255
v -42.553 1.79578782 28.8255
v -40.553 1.515032 28.8255
v -38.553 0.52559436 28.8255
v -36.553 -0.930276359 28.8255
v -34.553 -2.49613225 28.8255
v -32.553 -3.788597 28.8255
v -30.553 -4.49123048 28.8255
v -28.553 -4.43200325 28.8255
v -26.553 -3.62541627 28.8255
v -24.553 -2.26895016 28.8255
v -22.553 -0.694715137 28.8255
v -20.553 0.71186114 28.8255
v -18.553 1.60639978 28.8255
v -16.553 1.7698865 28.8255
v -14.553 1.16229415 28.8255
v -12.553 -0.06761765 28.8255
v -10.553 -1.61872357 28.8255
v -8.553 -3.11125874 28.8255
v -6.553 -4.17979836 28.8255
v -4.553 -4.56272673 28.8255
v -2.553 -4.1662898 28.8255
v -0.553 -3.08754909 28.8255
v 1.447 -1.59061783 28.8255
v 3.447 -0.04199707 28.8255
v 5.447 1.17915679 28.8255
v 7.447 1.77386284 28.8255
v 9.447 1.596516 28.8255
v 11.447 0.69053722 28.8255
v 13.447 -0.7222583 28.8255
v 15.447 -2.29596906 28.8255
v 17.447 -3.64529562 28.8255
v 19.447 -4.439876 28.8255
v 21.447 -4.48516917 28.8255
v 23.447 -3.77008557 28.8255
v 25.447 -2.46970283 28.8255
v 27.447 -0.9023999 28.8255
v 29.447 0.54809285 28.8255
v 31.447 1.52664423 28.8255
v 33.447 1.79367042 28.8255
v 35.447 1.28379441 28.8255
v 37.447 0.12185157 28.8255
v 39.447 -1.40767402 28.8255
v 41.447 -2.93030107 28.8255
v 43.447 -4.07323765 28.8255
v 45.447 -4.55665254 28.8255
v 47.447 -4.26218938 28.8255
v 49.447 -3.26194274 28.8255
v -48.553 -1.379498 30.8255
v -46.553 -0.5969181 30.8255
v -44.553 -0.00594115 30.8255
v -42.553 0.24874127 30.8255
v -40.553 0.10477388 30.8255
v -38.553 -0.402595038 30.8255
v -36.553 -1.14914382 30.8255
v -34.553 -1.9520914 30.8255
v -32.553 -2.61484813 30.8255
v -30.553 -2.97514808 30.8255
v -28.553 -2.94477725 30.8255
v -26.553 -2.53117144 30.8255
v -24.553 -1.8355958 30.8255
v -22.553 -1.02835157 30.8255
v -20.553 -0.30708026 30.8255
v -18.553 0.15162588 30.8255
v -16.553 0.23545945 30.8255
v -14.553 -0.07610487 30.8255
v -12.553 -0.7067853 30.8255
v -10.553 -1.50216931 30.8255
v -8.553 -2.26751905 30.8255
v -6.553 -2.81545031 30.8255
v -4.553 -3.0118103 30.8255
v -2.553 -2.80852329 30.8255
v -0.553 -2.2553612 30.8255
v 1.447 -1.4877571 30.8255
v 3.447 -0.6936475 30.8255
v 5.447 -0.06745791 30.8255
v 7.447 0.23749841 30.8255
v 9.447 0.14655757 30.8255
v 11.447 -0.31801474 30.8255
v 13.447 -1.0424753 30.8255
v 15.447 -1.8494507 30.8255
v 17.447 -2.54136526 30.8255
v 19.447 -2.94881427 30.8255
v 21.447 -2.97203993 30.8255
v 23.447 -2.60535573 30.8255
v 25.447 -1.9385388 30.8255
v 27.447 -1.1348492 30.8255
v 29.447 -0.391058142 30.8255
v 31.447 0.11072839 30.8255
v 33.447 0.24765552 30.8255
v 35.447 -0.01380133 30.8255
v 37.447 -0.6096283 30.8255
v 39.447 -1.39394624 30.8255
v 41.447 -2.1747267 30.8255
v 43.447 -2.76080751 30.8255
v 45.447 -3.00869548 30.8255
v 47.447 -2.85769915 30.8255
v 49.447 -2.3447876 30.8255
v -48.553 -1.379498 32.8255
v -46.553 -1.53207722 32.8255
v -44.553 -1.64729973 32.8255
v -42.553 -1.69695502 32.8255
v -40.553 -1.66888576 32.8255
v -38.553 -1.5699643 32.8255
v -36.553 -1.42441004 32.8255
v -34.553 -1.26785974 32.8255
v -32.553 -1.13864238 32.8255
v -30.553 -1.06839486 32.8255
v -28.553 -1.07431626 32.8255
v -26.553 -1.1549568 32.8255
v -24.553 -1.29057283 32.8255
v -22.553 -1.44796086 32.8255
v -20.553 -1.58858679 32.8255
v -18.553 -1.67802047 32.8255
v -16.553 -1.69436547 32.8255
v -14.553 -1.63361993 32.8255
v -12.553 -1.51065647 32.8255
v -10.553 -1.35558084 32.8255
v -8.553 -1.20636096 32.8255
v -6.553 -1.09953108 32.8255
v -4.553 -1.06124684 32.8255
v -2.553 -1.10088163 32.8255
v -0.553 -1.20873138 32.8255
v 1.447 -1.35839078 32.8255
v 3.447 -1.51321795 32.8255
v 5.447 -1.63530582 32.8255
v 7.447 -1.69476303 32.8255
v 9.447 -1.67703232 32.8255
v 11.447 -1.58645488 32.8255
v 13.447 -1.44520716 32.8255
v 15.447 -1.28787154 32.8255
v 17.447 -1.1529693 32.8255
v 19.447 -1.07352915 32.8255
v 21.447 -1.06900087 32.8255
v 23.447 -1.14049312 32.8255
v 25.447 -1.27050208 32.8255
v 27.447 -1.42719706 32.8255
v 29.447 -1.57221364 32.8255
v 31.447 -1.6700467 32.8255
v 33.447 -1.69674333 32.8255
v 35.447 -1.6457672 32.8255
v 37.447 -1.52959912 32.8255
v 39.447 -1.37668103 32.8255
v 41.447 -1.22445264 32.8255
v 43.447 -1.11018475 32.8255
v 45.447 -1.06185415 32.8255
v 47.447 -1.09129384 32.8255
v 49.447 -1.19129595 32.8255
v -48.553 -1.379498 34.8255
v -46.553 -2.42987954 34.8255
v -44.553 -3.223091 34.8255
v -42.553 -3.56492686 34.8255
v -40.553 -3.37169313 34.8255
v -38.553 -2.69070076 34.8255
v -36.553 -1.68868023 34.8255
v -34.553 -0.6109611 34.8255
v -32.553 0.27859343 34.8255
v -30.553 0.76218939 34.8255
v -28.553 0.72142554 34.8255
v -26.553 0.1662823 34.8255
v -24.553 -0.7673219 34.8255
v -22.553 -1.85080805 34.8255
v -20.553 -2.818901 34.8255
v -18.553 -3.43457818 34.8255
v -16.553 -3.54709982 34.8255
v -14.553 -3.128917 34.8255
v -12.553 -2.28241544 34.8255
v -10.553 -1.21484813 34.8255
v -8.553 -0.18759286 34.8255
v -6.553 0.54784239 34.8255
v -4.553 0.81139756 34.8255
v -2.553 0.538545 34.8255
v -0.553 -0.20391118 34.8255
v 1.447 -1.23419223 34.8255
v 3.447 -2.3000491 34.8255
v 5.447 -3.140523 34.8255
v 7.447 -3.54983663 34.8255
v 9.447 -3.42777538 34.8255
v 11.447 -2.80422472 34.8255
v 13.447 -1.83185112 34.8255
v 15.447 -0.748725767 34.8255
v 17.447 0.17996455 34.8255
v 19.447 0.726844 34.8255
v 21.447 0.75801754 34.8255
v 23.447 0.26585269 34.8255
v 25.447 -0.629151339 34.8255
v 27.447 -1.7078665 34.8255
v 29.447 -2.70618557 34.8255
v 31.447 -3.3796854 34.8255
v 33.447 -3.56346941 34.8255
v 35.447 -3.212541 34.8255
v 37.447 -2.41282 34.8255
v 39.447 -1.36010552 34.8255
v 41.447 -0.312139 34.8255
v 43.447 0.47450078 34.8255
v 45.447 0.807217 34.8255
v 47.447 0.604549 34.8255
v 49.447 -0.08388268 34.8255
v -48.553 -1.379498 36.8255
v -46.553 -3.07051193 36.8255
v -44.553 -4.34750652 36.8255
v -42.553 -4.89782929 36.8255
v -40.553 -4.58674168 36.8255
v -38.553 -3.49040913 36.8255
v -36.553 -1.8772518 36.8255
v -34.553 -0.142227 36.8255
v -32.553 1.28987074 36.8255
v -30.553 2.06841374 36.8255
v -28.553 2.002788 36.8255
v -26.553 1.10906029 36.8255
v -24.553 -0.393952961 36.8255
v -22.553 -2.1382621 36.8255
v -20.553 -3.69679927 36.8255
v -18.553 -4.68798041 36.8255
v -16.553 -4.86912965 36.8255
v -14.553 -4.19589543 36.8255
v -12.553 -2.83310866 36.8255
v -10.553 -1.11442744 36.8255
v -8.553 0.53935528 36.8255
v -6.553 1.72333575 36.8255
v -4.553 2.14763427 36.8255
v -2.553 1.70836783 36.8255
v -0.553 0.5130843 36.8255
v 1.447 -1.14556962 36.8255
v 3.447 -2.86149716 36.8255
v 5.447 -4.21457982 36.8255
v 7.447 -4.87353539 36.8255
v 9.447 -4.677029 36.8255
v 11.447 -3.67317175 36.8255
v 13.447 -2.10774326 36.8255
v 15.447 -0.364015 36.8255
v 17.447 1.13108755 36.8255
v 19.447 2.01151133 36.8255
v 21.447 2.06169773 36.8255
v 23.447 1.26935936 36.8255
v 25.447 -0.17151165 36.8255
v 27.447 -1.90813994 36.8255
v 29.447 -3.51533818 36.8255
v 31.447 -4.59960818 36.8255
v 33.447 -4.895483 36.8255
v 35.447 -4.330522 36.8255
v 37.447 -3.04304742 36.8255
v 39.447 -1.34827796 36.8255
v 41.447 0.33884776 36.8255
v 43.447 1.60526276 36.8255
v 45.447 2.140904 36.8255
v 47.447 1.81462813 36.8255
v 49.447 0.70631862 36.8255
v -48.553 -1.379498 38.8255
v -46.553 -3.2971251 38.8255
v -44.553 -4.74525 38.8255
v -42.553 -5.36932182 38.8255
v -40.553 -5.01654529 38.8255
v -38.553 -3.77329278 38.8255
v -36.553 -1.9439559 38.8255
v -34.553 0.02358 38.8255
v -32.553 1.6475935 38.8255
v -30.553 2.53046942 38.8255
v -28.553 2.456049 38.8255
v -26.553 1.44255257 38.8255
v -24.553 -0.2618798 38.8255
v -22.553 -2.2399443 38.8255
v -20.553 -4.00734138 38.8255
v -18.553 -5.131351 38.8255
v -16.553 -5.336776 38.8255
v -14.553 -4.57332134 38.8255
v -12.553 -3.02790737 38.8255
v -10.553 -1.07890528 38.8255
v -8.553 0.7965014 38.8255
v -6.553 2.13914729 38.8255
v -4.553 2.62030626 38.8255
v -2.553 2.12217355 38.8255
v -0.553 0.76670957 38.8255
v 1.447 -1.11422082 38.8255
v 3.447 -3.06010031 38.8255
v 5.447 -4.59450984 38.8255
v 7.447 -5.34177231 38.8255
v 9.447 -5.11893177 38.8255
v 11.447 -3.98054766 38.8255
v 13.447 -2.20533555 38.8255
v 15.447 -0.22792983 38.8255
v 17.447 1.46753169 38.8255
v 19.447 2.4659412 38.8255
v 21.447 2.52285314 38.8255
v 23.447 1.62433339 38.8255
v 25.447 -0.00962913 38.8255
v 27.447 -1.97898334 38.8255
v 29.447 -3.80156254 38.8255
v 31.447 -5.031136 38.8255
v 33.447 -5.366661 38.8255
v 35.447 -4.72598934 38.8255
v 37.447 -3.26598012 38.8255
v 39.447 -1.34409415 38.8255
v 41.447 0.56912375 38.8255
v 43.447 2.00525117 38.8255
v 45.447 2.61267376 38.8255
v 47.447 2.24267364 38.8255
v 49.447 0.98583937 38.8255
v -48.553 -1.379498 40.8255
v -46.553 -3.05423629 40.8255
v -44.553 -4.31894016 40.8255
v -42.553 -4.86396622 40.8255
v -40.553 -4.55587267 40.8255
v -38.553 -3.470092 40.8255
v -36.553 -1.87246102 40.8255
v -34.553 -0.15413546 40.8255
v -32.553 1.26417852 40.8255
v -30.553 2.0352285 40.8255
v -28.553 1.97023416 40.8255
v -26.553 1.08510852 40.8255
v -24.553 -0.4034386 40.8255
v -22.553 -2.13095915 40.8255
v -20.553 -3.674496 40.8255
v -18.553 -4.656137 40.8255
v -16.553 -4.83554267 40.8255
v -14.553 -4.16878819 40.8255
v -12.553 -2.819118 40.8255
v -10.553 -1.1169787 40.8255
v -8.553 0.52088678 40.8255
v -6.553 1.69347168 40.8255
v -4.553 2.11368657 40.8255
v -2.553 1.67864776 40.8255
v -0.553 0.49486864 40.8255
v 1.447 -1.14782112 40.8255
v 3.447 -2.84723329 40.8255
v 5.447 -4.18729281 40.8255
v 7.447 -4.83990621 40.8255
v 9.447 -4.64529085 40.8255
v 11.447 -3.65109562 40.8255
v 13.447 -2.10073405 40.8255
v 15.447 -0.37378883 40.8255
v 17.447 1.10692382 40.8255
v 19.447 1.9788735 40.8255
v 21.447 2.02857686 40.8255
v 23.447 1.24386454 40.8255
v 25.447 -0.18313825 40.8255
v 27.447 -1.90305185 40.8255
v 29.447 -3.49478125 40.8255
v 31.447 -4.56861543 40.8255
v 33.447 -4.86164259 40.8255
v 35.447 -4.302119 40.8255
v 37.447 -3.02703619 40.8255
v 39.447 -1.34857844 40.8255
v 41.447 0.32230914 40.8255
v 43.447 1.576535 40.8255
v 45.447 2.10702086 40.8255
v 47.447 1.78388525 40.8255
v 49.447 0.686243 40.8255
v -48.553 -1.379498 42.8255
v -46.553 -2.40131306 42.8255
v -44.553 -3.17295217 42.8255
v -42.553 -3.50549125 42.8255
v -40.553 -3.31751275 42.8255
v -38.553 -2.65504086 42.8255
v -36.553 -1.6802716 42.8255
v -34.553 -0.6318624 42.8255
v -32.553 0.23349953 42.8255
v -30.553 0.7039435 42.8255
v -28.553 0.66428829 42.8255
v -26.553 0.12424279 42.8255
v -24.553 -0.783970768 42.8255
v -22.553 -1.83799016 42.8255
v -20.553 -2.77975463 42.8255
v -18.553 -3.3786875 42.8255
v -16.553 -3.48814916 42.8255
v -14.553 -3.08133924 42.8255
v -12.553 -2.2578594 42.8255
v -10.553 -1.219326 42.8255
v -8.553 -0.22000825 42.8255
v -6.553 0.495426 42.8255
v -4.553 0.75181342 42.8255
v -2.553 0.4863813 42.8255
v -0.553 -0.23588287 42.8255
v 1.447 -1.23814402 42.8255
v 3.447 -2.2750135 42.8255
v 5.447 -3.09262955 42.8255
v 7.447 -3.49081134 42.8255
v 9.447 -3.37206983 42.8255
v 11.447 -2.76547741 42.8255
v 13.447 -1.81954878 42.8255
v 15.447 -0.7658804 42.8255
v 17.447 0.137553 42.8255
v 19.447 0.66955925 42.8255
v 21.447 0.69988513 42.8255
v 23.447 0.22110522 42.8255
v 25.447 -0.649558 42.8255
v 27.447 -1.6989361 42.8255
v 29.447 -2.67010462 42.8255
v 31.447 -3.32528758 42.8255
v 33.447 -3.50407338 42.8255
v 35.447 -3.162689 42.8255
v 37.447 -2.38471734 42.8255
v 39.447 -1.36063292 42.8255
v 41.447 -0.34116733 42.8255
v 43.447 0.42407883 42.8255
v 45.447 0.74774623 42.8255
v 47.447 0.55059028 42.8255
v 49.447 -0.11911869 42.8255
v -48.553 -1.379498 44.8255
v -46.553 -1.49821392 44.8255
v -44.553 -1.58786404 44.8255
v -42.553 -1.62649889 44.8255
v -40.553 -1.6046593 44.8255
v -38.553 -1.52769237 44.8255
v -36.553 -1.4144423 44.8255
v -34.553 -1.29263664 44.8255
v -32.553 -1.19209767 44.8255
v -30.553 -1.13744084 44.8255
v -28.553 -1.14204804 44.8255
v -26.553 -1.20479127 44.8255
v -24.553 -1.31030881 44.8255
v -22.553 -1.43276626 44.8255
v -20.553 -1.5421818 44.8255
v -18.553 -1.61176666 44.8255
v -16.553 -1.62448406 44.8255
v -14.553 -1.57722033 44.8255
v -12.553 -1.48154727 44.8255
v -10.553 -1.36088899 44.8255
v -8.553 -1.24478685 44.8255
v -6.553 -1.1616667 44.8255
v -4.553 -1.13187923 44.8255
v -2.553 -1.1627175 44.8255
v -0.553 -1.24663118 44.8255
v 1.447 -1.36307529 44.8255
v 3.447 -1.48354025 44.8255
v 5.447 -1.57853205 44.8255
v 7.447 -1.62479336 44.8255
v 9.447 -1.6109978 44.8255
v 11.447 -1.54052305 44.8255
v 13.447 -1.43062372 44.8255
v 15.447 -1.30820705 44.8255
v 17.447 -1.20324487 44.8255
v 19.447 -1.14143562 44.8255
v 21.447 -1.13791234 44.8255
v 23.447 -1.19353766 44.8255
v 25.447 -1.29469254 44.8255
v 27.447 -1.41661077 44.8255
v 29.447 -1.5294425 44.8255
v 31.447 -1.60556258 44.8255
v 33.447 -1.62633417 44.8255
v 35.447 -1.58667164 44.8255
v 37.447 -1.49628581 44.8255
v 39.447 -1.37730623 44.8255
v 41.447 -1.25886327 44.8255
v 43.447 -1.1699559 44.8255
v 45.447 -1.13235175 44.8255
v 47.447 -1.15525762 44.8255
v 49.447 -1.23306535 44.8255
v -48.553 -1.379498 46.8255
v -46.553 -0.566049 46.8255
v -44.553 0.04823924 46.8255
v -42.553 0.31296778 46.8255
v -40.553 0.1633215 46.8255
v -38.553 -0.36406075 46.8255
v -36.553 -1.14005742 46.8255
v -34.553 -1.97467756 46.8255
v -32.553 -2.663577 46.8255
v -30.553 -3.038089 46.8255
v -28.553 -3.00652027 46.8255
v -26.553 -2.57659959 46.8255
v -24.553 -1.85358676 46.8255
v -22.553 -1.01450046 46.8255
v -20.553 -0.26477825 46.8255
v -18.553 0.21202159 46.8255
v -16.553 0.299162 46.8255
v -14.553 -0.024692 46.8255
v -12.553 -0.6802499 46.8255
v -10.553 -1.50700812 46.8255
v -8.553 -2.3025474 46.8255
v -6.553 -2.872092 46.8255
v -4.553 -3.0761975 46.8255
v -2.553 -2.86489176 46.8255
v -0.553 -2.2899099 46.8255
v 1.447 -1.49202743 46.8255
v 3.447 -0.666593845 46.8255
v 5.447 -0.015704 46.8255
v 7.447 0.30128146 46.8255
v 9.447 0.20675338 46.8255
v 11.447 -0.27614414 46.8255
v 13.447 -1.0291813 46.8255
v 15.447 -1.86798816 46.8255
v 17.447 -2.58719563 46.8255
v 19.447 -3.01071655 46.8255
v 21.447 -3.03485834 46.8255
v 23.447 -2.65371012 46.8255
v 25.447 -1.9605904 46.8255
v 27.447 -1.12519893 46.8255
v 29.447 -0.35206878 46.8255
v 31.447 0.169511 46.8255
v 33.447 0.31183911 46.8255
v 35.447 0.040069 46.8255
v 37.447 -0.5792605 46.8255
v 39.447 -1.39451616 46.8255
v 41.447 -2.2060948 46.8255
v 43.447 -2.81529378 46.8255
v 45.447 -3.07295989 46.8255
v 47.447 -2.91600739 46.8255
v 49.447 -2.38286387 46.8255
v -48.553 -1.379498 48.8255
v -46.553 0.16695524 48.8255
v -44.553 1.33478261 48.8255
v -42.553 1.83805967 48.8255
v -40.553 1.55356622 48.8255
v -38.553 0.55095637 48.8255
v -36.553 -0.924296 48.8255
v -34.553 -2.51099765 48.8255
v -32.553 -3.820669 48.8255
v -30.553 -4.53265619 48.8255
v -28.553 -4.47264051 48.8255
v -26.553 -3.65531563 48.8255
v -24.553 -2.2807912 48.8255
v -22.553 -0.6855988 48.8255
v -20.553 0.739703 48.8255
v -18.553 1.64615036 48.8255
v -16.553 1.81181336 48.8255
v -14.553 1.19613243 48.8255
v -12.553 -0.050153 48.8255
v -10.553 -1.62190832 48.8255
v -8.553 -3.13431322 48.8255
v -6.553 -4.217078 48.8255
v -4.553 -4.60510444 48.8255
v -2.553 -4.20338964 48.8255
v -0.553 -3.110288 48.8255
v 1.447 -1.59342841 48.8255
v 3.447 -0.02419126 48.8255
v 5.447 1.21321965 48.8255
v 7.447 1.81584263 48.8255
v 9.447 1.63613487 48.8255
v 11.447 0.71809531 48.8255
v 13.447 -0.713508661 48.8255
v 15.447 -2.30816984 48.8255
v 17.447 -3.67545962 48.8255
v 19.447 -4.48061823 48.8255
v 21.447 -4.52651429 48.8255
v 23.447 -3.80191087 48.8255
v 25.447 -2.48421645 48.8255
v 27.447 -0.8960484 48.8255
v 29.447 0.57375432 48.8255
v 31.447 1.565333 48.8255
v 33.447 1.835914 48.8255
v 35.447 1.31925 48.8255
v 37.447 0.14183867 48.8255
v 39.447 -1.40804912 48.8255
v 41.447 -2.95094656 48.8255
v 43.447 -4.10909867 48.8255
v 45.447 -4.59894919 48.8255
v 47.447 -4.300566 48.8255
v 49.447 -3.28700327 48.8255
v -7.052 1.62333584 37.7645
v -10.44655 -1.17890527 38.1815
v -9.3323 0.6965015 39.3945
v -7.052 4.623336 37.7645
v -10.44655 1.82109476 38.1815
v -9.3323 3.69650126 39.3945
v 38.16233 -1.59628581 44.8495
v 38.36253 -1.59628581 44.24689
v 37.142 -3.12703621 40.9765
v 38.16233 1.40371418 44.8495
v 38.36253 1.40371418 44.24689
v 37.142 -0.12703621 40.9765
v 2.64 -2.578056 -34.02411
v 7.7053 -5.19014143 -35.00311
v 3.159 -3.1433469 -37.67304
v 2.64 0.421944 -34.02411
v 7.7053 -2.19014144 -35.00311
v 3.159 -0.1433469 -37.67304
v 0.45774 -1.70336198 -0.7985
v -2.482 -4.97359657 0.2115
v 1.75169 -1.72023236 2.7815
v 0.45774 1.296638 -0.7985
v -2.482 -1.97359657 0.2115
v 1.75169 1.27976752 2.7815
v 35.725 0.51147676 4.85187
v 33.975 2.13878227 3.38702
v 35.179 0.51147676 5.6335
v 35.725 3.511477 4.85187
v 33.975 5.138782 3.38702
v 35.179 3.511477 5.6335
v -17.91238 0.05162585 30.3125
v -18.69655 2.04559923 24.0485
v -19.36062 1.50639987 29.5765
v -17.91238 3.05162573 30.3125
v -18.69655 5.04559947 24.0485
v -19.36062 4.50639964 29.5765
v -18.305 -4.48538851 -38.26923
v -17.47439 -5.397327 -36.6715
v -16.844 -5.397327 -37.44403
v -18.305 -1.48538851 -38.26923
v -17.47439 -2.397327 -36.6715
v -16.844 -2.397327 -37.44403
v -46.59841 -3.15423631 40.75323
v -47.86062 -1.479498 40.7115
v -47.05251 -2.50131309 42.20294
v -46.59841 -0.15423631 40.75323
v -47.86062 1.520502 40.7115
v -47.05251 0.49868691 42.20294
v -7.82351 0.64969945 12.7995
v -3.269 1.87404228 15.0265
v -3.93825 2.43427778 13.2665
v -7.82351 3.64969969 12.7995
v -3.269 4.874042 15.0265
v -3.93825 5.434278 13.2665
v -46.205 0.203444 -46.2215
v -47.146 -0.443359132 -45.66913
v -47.594 -1.479498 -44.3245
v -46.205 3.203444 -46.2215
v -47.146 2.55664087 -45.66913
v -47.594 1.520502 -44.3245
v -36.188 -1.59848803 -31.5705
v -29.22341 1.027681 -33.68524
v -33.137 1.35535312 -34.8075
v -36.188 1.401512 -31.5705
v -29.22341 4.027681 -33.68524
v -33.137 4.355353 -34.8075
v -42.99929 -2.06004023 -16.5119
v -42.63845 -5.11488938 -12.36786
v -40.784 -5.10640215 -12.1369
v -42.99929 0.93995977 -16.5119
v -42.63845 -2.1148894 -12.36786
v -40.784 -2.10640215 -12.1369
v -12.202 -1.8269894 -30.6595
v -12.70144 -1.8269894 -30.3635
v -9.003 -1.02078852 -30.29901
v -12.202 1.17301059 -30.6595
v -12.70144 1.17301059 -30.3635
v -9.003 1.97921157 -30.29901
v 6.40647 -4.68554377 -10.3125
v 7.9387 -4.80425953 -9.2895
v 7.66966 -5.43072271 -11.9411
v 6.40647 -1.68554377 -10.3125
v 7.9387 -1.80425953 -9.2895
v 7.66966 -2.43072271 -11.9411
v -4.09 1.559224 10.37579
v -3.73366 1.559224 10.4065
v -2.399 1.18078375 10.17999
v -4.09 4.55922366 10.37579
v -3.73366 4.55922366 10.4065
v -2.399 4.18078375 10.17999
v 13.456 -1.77261927 8.35821
v 12.85569 -1.36657085 6.62384
v 11.95432 -2.40270972 8.50323
v 13.456 1.22738076 8.35821
v 12.85569 1.633429 6.62384
v 11.95432 0.59729028 8.50323
v -5.183 -0.05981481 7.8875
v -3.52175 -0.23662114 8.29816
v -5.79665 -1.9606466 5.94122
v -5.183 2.940185 7.8875
v -3.52175 2.76337863 8.29816
v -5.79665 1.03935338 5.94122
v 31.342 -2.48433434 18.2225
v 27.62571 -1.90059125 16.9845
v 29.181 -2.1459875 18.07989
v 31.342 0.51566566 18.2225
v 27.62571 1.09940863 16.9845
v 29.181 0.85401249 18.07989
v -21.12038 -2.41221988 7.8475
v -20.85134 -3.475917 11.33624
v -19.59939 -2.41221988 8.40607
v -21.12038 0.58778012 7.8475
v -20.85134 -0.4759171 11.33624
v -19.59939 0.58778012 8.40607
v 27.03929 -1.51661077 44.8955
v 29.102 0.47375429 49.6225
v 28.925 -0.4520688 46.20099
v 27.03929 1.48338914 44.8955
v 29.102 3.47375441 49.6225
v 28.925 2.5479312 46.20099
v 37.59446 -0.709628339 30.5705
v 38.53733 -1.49394624 30.05304
v 33.547 0.14765549 30.5465
v 37.59446 2.29037166 30.5705
v 38.53733 1.50605369 30.05304
v 33.547 3.14765549 30.5465
v 16.015 -1.5609599 -42.65595
v 15.928 -1.5609599 -43.5415
v 14.387 -1.82318115 -41.50604
v 16.015 1.43904019 -42.65595
v 15.928 1.43904019 -43.5415
v 14.387 1.17681885 -41.50604
v 21.44846 2.175028 -34.18622
v 26.225 -1.19072407 -30.87714
v 24.675 -0.19662487 -35.7265
v 21.44846 5.17502833 -34.18622
v 26.225 1.80927587 -30.87714
v 24.675 2.80337525 -35.7265
v -15.105 -0.1761049 30.41388
v -16.066 1.66988659 28.47101
v -16.43 1.66988659 28.4925
v -15.105 2.823895 30.41388
v -16.066 4.66988659 28.47101
v -16.43 4.66988659 28.4925
v -13.92751 0.42064786 4.12775
v -14.32 1.41884041 2.4695
v -14.84255 0.42064786 5.23224
v -13.92751 3.420648 4.12775
v -14.32 4.41884041 2.4695
v -14.84255 3.420648 5.23224
v 34.17356 -5.426914 -36.23993
v 34.133 -5.426914 -37.0115
v 33.93772 -5.21344971 -35.78192
v 34.17356 -2.42691421 -36.23993
v 34.133 -2.42691421 -37.0115
v 33.93772 -2.2134497 -35.78192
v 45.92356 -3.40900921 -3.75604
v 39.51438 -1.49660952 -2.50702
v 43.51975 -4.856927 0.83575
v 45.92356 -0.4090092 -3.75604
v 39.51438 1.50339056 -2.50702
v 43.51975 -1.8569269 0.83575
v 12.76634 -0.8135087 48.5095
v 13.98753 -1.1291813 46.8155
v 11.002 -0.37614417 46.00714
v 12.76634 2.18649126 48.5095
v 13.98753 1.87081862 46.8155
v 11.002 2.623856 46.00714
v 18.15745 -3.62596416 -22.1515
v 18.032 -2.46641767 -19.3455
v 21.41526 -4.42160439 -21.3065
v 18.15745 -0.62596416 -22.1515
v 18.032 0.53358233 -19.3455
v 21.41526 -1.42160439 -21.3065
v -21.119 -1.6885868 31.82599
v -23.82546 -1.9355958 30.0725
v -23.581 -1.39057283 32.25616
v -21.119 1.31141329 31.82599
v -23.82546 1.06440425 30.0725
v -23.581 1.60942722 32.25616
v -8.88 -3.38919186 -46.9685
v -7.85134 -3.65558242 -48.5965
v -7.30837 -4.998281 -49.6225
v -8.88 -0.389191861 -46.9685
v -7.85134 -0.6555824 -48.5965
v -7.30837 -1.998281 -49.6225
v -2.65652 1.946859 12.77325
v 0.896 -1.21992644 12.6435
v 2.746 -2.0760079 9.42706
v -2.65652 4.946859 12.77325
v 0.896 1.78007365 12.6435
v 2.746 0.92399216 9.42706
v 28.63 0.56445086 -0.89618
v 28.332 -0.9736001 -1.0765
v 26.92552 -0.9736001 -0.8285
v 28.63 3.56445075 -0.89618
v 28.332 2.02639986 -1.0765
v 26.92552 2.02639986 -0.8285
v 39.466 -1.50619009 -21.82294
v 38.447 0.36288929 -23.1625
v 38.82 -1.50619009 -21.67499
v 39.466 1.49381 -21.82294
v 38.447 3.36288929 -23.1625
v 38.82 1.49381 -21.67499
v 1.50657 -1.21992644 13.2245
v -5.73 1.193679 10.7381
v 0.934 -1.21992644 13.7132
v 1.50657 1.78007365 13.2245
v -5.73 4.19367934 10.7381
v 0.934 1.78007365 13.7132
v -25.42361 -2.42264139 -1.40497
v -28.577 -3.33330881 -4.0365
v -31.135 -5.38100957 0.0725
v -25.42361 0.57735861 -1.40497
v -28.577 -0.33330881 -4.0365
v -31.135 -2.38100957 0.0725
v 30.83567 -0.980163629 6.4632
v 30.08225 -1.14829868 6.5305
v 32.48 -0.9342831 6.89679
v 30.83567 2.01983643 6.4632
v 30.08225 1.85170126 6.5305
v 32.48 2.065717 6.89679
v -5.239 -5.434278 25.85089
v -7.197 -4.958535 25.87579
v -5.341 -5.434278 26.6955
v -5.239 -2.434278 25.85089
v -7.197 -1.95853495 25.87579
v -5.341 -2.434278 26.6955
v -4.67751 -5.38581037 -22.87909
v -6.59548 -4.13231635 -20.9395
v -4.4573 -2.86602568 -18.76288
v -4.67751 -2.38581037 -22.87909
v -6.59548 -1.13231635 -20.9395
v -4.4573 0.13397432 -18.76288
v -13.607 -4.29589533 37.04718
v -14.97048 -4.67332124 38.1805
v -14.00564 -4.67332124 38.8125
v -13.607 -1.29589533 37.04718
v -14.97048 -1.67332124 38.1805
v -14.00564 -1.67332124 38.8125
v 33.08274 2.13878227 3.47394
v 32.77952 0.8926406 4.01398
v 35.68333 1.557384 2.7879
v 33.08274 5.138782 3.47394
v 32.77952 3.8926406 4.01398
v 35.68333 4.557384 2.7879
v 25.316 -2.5122857 -20.7415
v 25.45237 -1.95436155 -18.38202
v 25.371 -2.5122857 -21.1825
v 25.316 0.4877143 -20.7415
v 25.45237 1.04563857 -18.38202
v 25.371 0.4877143 -21.1825
v 4.294 -1.11069223 20.1205
v 4.513 0.6435113 23.3495
v 5.751 -2.3641861 19.68488
v 4.294 1.88930774 20.1205
v 4.513 3.6435113 23.3495
v 5.751 0.635814 19.68488
v 37.35 -0.23377358 22.2025
v 37.98655 -0.23377358 21.91486
v 37.09348 -1.0655122 20.7895
v 37.35 2.7662263 22.2025
v 37.98655 2.7662263 21.91486
v 37.09348 1.93448782 20.7895
v -43.721 -4.17605423 -39.11102
v -45.825 -3.0158528 -38.9195
v -41.89333 -5.21594142 -36.0595
v -43.721 -1.17605423 -39.11102
v -45.825 -0.0158528 -38.9195
v -41.89333 -2.2159414 -36.0595
v -44.914 -2.8801999 -40.9895
v -42.92361 -5.42954826 -37.8205
v -39.24929 -2.47570717 -40.95819
v -44.914 0.1198001 -40.9895
v -42.92361 -2.42954826 -37.8205
v -39.24929 0.52429283 -40.95819
v -24.87234 -1.7247577 21.5145
v -23.78835 -1.7247577 20.7145
v -27.14333 -2.09879296 19.97198
v -24.87234 1.27524233 21.5145
v -23.78835 1.27524233 20.7145
v -27.14333 0.901207 19.97198
v -33.042 -0.6465208 18.38898
v -33.303 -0.6465208 19.7365
v -28.12136 -0.424054737 17.9745
v -33.042 2.35347915 18.38898
v -33.303 2.35347915 19.7365
v -28.12136 2.57594538 17.9745
v -47.117 0.416543 26.91095
v -47.42556 0.32223094 24.67511
v -49.447 -1.479498 25.8365
v -47.117 3.416543 26.91095
v -47.42556 3.322231 24.67511
v -49.447 1.520502 25.8365
v 18.267 -3.97809934 -47.3845
v 16.658 -4.32663917 -48.19501
v 17.81028 -3.97809934 -46.7415
v 18.267 -0.978099341 -47.3845
v 16.658 -1.32663917 -48.19501
v 17.81028 -0.978099341 -46.7415
f 2 1 51
f 52 2 51
f 3 2 52
f 53 3 52
f 4 3 53
f 54 4 53
f 5 4 54
f 55 5 54
f 6 5 55
f 56 6 55
f 7 6 56
f 57 7 56
f 8 7 57
f 58 8 57
f 9 8 58
f 59 9 58
f 10 9 59
f 60 10 59
f 11 10 60
f 61 11 60
f 12 11 61
f 62 12 61
f 13 12 62
f 63 13 62
f 14 13 63
f 64 14 63
f 15 14 64
f 65 15 64
f 16 15 65
f 66 16 65
f 17 16 66
f 67 17 66
f 18 17 67
f 68 18 67
f 19 18 68
f 69 19 68
f 20 19 69
f 70 20 69
f 21 20 70
f 71 21 70
f 22 21 71
f 72 22 71
f 23 22 72
f 73 23 72
f 24 23 73
f 74 24 73
f 25 24 74
f 75 25 74
f 26 25 75
f 76 26 75
f 27 26 76
f 77 27 76
f 28 27 77
f 78 28 77
f 29 28 78
f 79 29 78
f 30 29 79
f 80 30 79
f 31 30 80
f 81 31 80
f 32 31 81
f 82 32 81
f 33 32 82
f 83 33 82
f 34 33 83
f 84 34 83
f 35 34 84
f 85 35 84
f 36 35 85
f 86 36 85
f 37 36 86
f 87 37 86
f 38 37 87
f 88 38 87
f 39 38 88
f 89 39 88
f 40 39 89
f 90 40 89
f 41 40 90
f 91 41 90
f 42 41 91
f 92 42 91
f 43 42 92
f 93 43 92
f 44 43 93
f 94 44 93
f 45 44 94
f 95 45 94
f 46 45 95
f 96 46 95
f 47 46 96
f 97 47 96
f 48 47 97
f 98 48 97
f 49 48 98
f 99 49 98
f 50 49 99
f 100 50 99
f 52 51 101
f 102 52 101
f 53 52 102
f 103 53 102
f 54 53 103
f 104 54 103
f 55 54 104
f 105 55 104
f 56 55 105
f 106 56 105
f 57 56 106
f 107 57 106
f 58 57 107
f 108 58 107
f 59 58 108
f 109 59 108
f 60 59 109
f 110 60 109
f 61 60 110
f 111 61 110
f 62 61 111
f 112 62 111
f 63 62 112
f 113 63 112
f 64 63 113
f 114 64 113
f 65 64 114
f 115 65 114
f 66 65 115
f 116 66 115
f 67 66 116
f 117 67 116
f 68 67 117
f 118 68 117
f 69 68 118
f 119 69 118
f 70 69 119
f 120 70 119
f 71 70 120
f 121 71 120
f 72 71 121
f 122 72 121
f 73 72 122
f 123 73 122
f 74 73 123
f 124 74 123
f 75 74 124
f 125 75 124
f 76 75 125
f 126 76 125
f 77 76 126
f 127 77 126
f 78 77 127
f 128 78 127
f 79 78 128
f 129 79 128
f 80 79 129
f 130 80 129
f 81 80 130
f 131 81 130
f 82 81 131
f 132 82 131
f 83 82 132
f 133 83 132
f 84 83 133
f 134 84 133
f 85 84 134
f 135 85 134
f 86 85 135
f 136 86 135
f 87 86 136
f 137 87 136
f 88 87 137
f 138 88 137
f 89 88 138
f 139 89 138
f 90 89 139
f 140 90 139
f 91 90 140
f 141 91 140
f 92 91 141
f 142 92 141
f 93 92 142
f 143 93 142
f 94 93 143
f 144 94 143
f 95 94 144
f 145 95 144
f 96 95 145
f 146 96 145
f 97 96 146
f 147 97 146
f 98 97 147
f 148 98 147
f 99 98 148
f 149 99 148
f 100 99 149
f 150 100 149
f 102 101 151
f 152 102 151
f 103 102 152
f 153 103 152
f 104 103 153
f 154 104 153
f 105 104 154
f 155 105 154
f 106 105 155
f 156 106 155
f 107 106 156
f 157 107 156
f 108 107 157
f 158 108 157
f 109 108 158
f 159 109 158
f 110 109 159
f 160 110 159
f 111 110 160
f 161 111 160
f 112 111 161
f 162 112 161
f 113 112 162
f 163 113 162
f 114 113 163
f 164 114 163
f 115 114 164
f 165 115 164
f 116 115 165
f 166 116 165
f 117 116 166
f 167 117 166
f 118 117 167
f 168 118 167
f 119 118 168
f 169 119 168
f 120 119 169
f 170 120 169
f 121 120 170
f 171 121 170
f 122 121 171
f 172 122 171
f 123 122 172
f 173 123 172
f 124 123 173
f 174 124 173
f 125 124 174
f 175 125 174
f 126 125 175
f 176 126 175
f 127 126 176
f 177 127 176
f 128 127 177
f 178 128 177
f 129 128 178
f 179 129 178
f 130 129 179
f 180 130 179
f 131 130 180
f 181 131 180
f 132 131 181
f 182 132 181
f 133 132 182
f 183 133 182
f 134 133 183
f 184 134 183
f 135 134 184
f 185 135 184
f 136 135 185
f 186 136 185
f 137 136 186
f 187 137 186
f 138 137 187
f 188 138 187
f 139 138 188
f 189 139 188
f 140 139 189
f 190 140 189
f 141 140 190
f 191 141 190
f 142 141 191
f 192 142 191
f 143 142 192
f 193 143 192
f 144 143 193
f 194 144 193
f 145 144 194
f 195 145 194
f 146 145 195
f 196 146 195
f 147 146 196
f 197 147 196
f 148 147 197
f 198 148 197
f 149 148 198
f 199 149 198
f 150 149 199
f 200 150 199
f 152 151 201
f 202 152 201
f 153 152 202
f 203 153 202
f 154 153 203
f 204 154 203
f 155 154 204
f 205 155 204
f 156 155 205
f 206 156 205
f 157 156 206
f 207 157 206
f 158 157 207
f 208 158 207
f 159 158 208
f 209 159 208
f 160 159 209
f 210 160 209
f 161 160 210
f 211 161 210
f 162 161 211
f 212 162 211
f 163 162 212
f 213 163 212
f 164 163 213
f 214 164 213
f 165 164 214
f 215 165 214
f 166 165 215
f 216 166 215
f 167 166 216
f 217 167 216
f 168 167 217
f 218 168 217
f 169 168 218
f 219 169 218
f 170 169 219
f 220 170 219
f 171 170 220
f 221 171 220
f 172 171 221
f 222 172 221
f 173 172 222
f 223 173 222
f 174 173 223
f 224 174 223
f 175 174 224
f 225 175 224
f 176 175 225
f 226 176 225
f 177 176 226
f 227 177 226
f 178 177 227
f 228 178 227
f 179 178 228
f 229 179 228
f 180 179 229
f 230 180 229
f 181 180 230
f 231 181 230
f 182 181 231
f 232 182 231
f 183 182 232
f 233 183 232
f 184 183 233
f 234 184 233
f 185 184 234
f 235 185 234
f 186 185 235
f 236 186 235
f 187 186 236
f 237 187 236
f 188 187 237
f 238 188 237
f 189 188 238
f 239 189 238
f 190 189 239
f 240 190 239
f 191 190 240
f 241 191 240
f 192 191 241
f 242 192 241
f 193 192 242
f 243 193 242
f 194 193 243
f 244 194 243
f 195 194 244
f 245 195 244
f 196 195 245
f 246 196 245
f 197 196 246
f 247 197 246
f 198 197 247
f 248 198 247
f 199 198 248
f 249 199 248
f 200 199 249
f 250 200 249
f 202 201 251
f 252 202 251
f 203 202 252
f 253 203 252
f 204 203 253
f 254 204 253
f 205 204 254
f 255 205 254
f 206 205 255
f 256 206 255
f 207 206 256
f 257 207 256
f 208 207 257
f 258 208 257
f 209 208 258
f 259 209 258
f 210 209 259
f 260 210 259
f 211 210 260
f 261 211 260
f 212 211 261
f 262 212 261
f 213 212 262
f 263 213 262
f 214 213 263
f 264 214 263
f 215 214 264
f 265 215 264
f 216 215 265
f 266 216 265
f 217 216 266
f 267 217 266
f 218 217 267
f 268 218 267
f 219 218 268
f 269 219 268
f 220 219 269
f 270 220 269
f 221 220 270
f 271 221 270
f 222 221 271
f 272 222 271
f 223 222 272
f 273 223 272
f 224 223 273
f 274 224 273
f 225 224 274
f 275 225 274
f 226 225 275
f 276 226 275
f 227 226 276
f 277 227 276
f 228 227 277
f 278 228 277
f 229 228 278
f 279 229 278
f 230 229 279
f 280 230 279
f 231 230 280
f 281 231 280
f 232 231 281
f 282 232 281
f 233 232 282
f 283 233 282
f 234 233 283
f 284 234 283
f 235 234 284
f 285 235 284
f 236 235 285
f 286 236 285
f 237 236 286
f 287 237 286
f 238 237 287
f 288 238 287
f 239 238 288
f 289 239 288
f 240 239 289
f 290 240 289
f 241 240 290
f 291 241 290
f 242 241 291
f 292 242 291
f 243 242 292
f 293 243 292
f 244 243 293
f 294 244 293
f 245 244 294
f 295 245 294
f 246 245 295
f 296 246 295
f 247 246 296
f 297 247 296
f 248 247 297
f 298 248 297
f 249 248 298
f 299 249 298
f 250 249 299
f 300 250 299
f 252 251 301
f 302 252 301
f 253 252 302
f 303 253 302
f 254 253 303
f 304 254 303
f 255 254 304
f 305 255 304
f 256 255 305
f 306 256 305
f 257 256 306
f 307 257 306
f 258 257 307
f 308 258 307
f 259 258 308
f 309 259 308
f 260 259 309
f 310 260 309
f 261 260 310
f 311 261 310
f 262 261 311
f 312 262 311
f 263 262 312
f 313 263 312
f 264 263 313
f 314 264 313
f 265 264 314
f 315 265 314
f 266 265 315
f 316 266 315
f 267 266 316
f 317 267 316
f 268 267 317
f 318 268 317
f 269 268 318
f 319 269 318
f 270 269 319
f 320 270 319
f 271 270 320
f 321 271 320
f 272 271 321
f 322 272 321
f 273 272 322
f 323 273 322
f 274 273 323
f 324 274 323
f 275 274 324
f 325 275 324
f 276 275 325
f 326 276 325
f 277 276 326
f 327 277 326
f 278 277 327
f 328 278 327
f 279 278 328
f 329 279 328
f 280 279 329
f 330 280 329
f 281 280 330
f 331 281 330
f 282 281 331
f 332 282 331
f 283 282 332
f 333 283 332
f 284 283 333
f 334 284 333
f 285 284 334
f 335 285 334
f 286 285 335
f 336 286 335
f 287 286 336
f 337 287 336
f 288 287 337
f 338 288 337
f 289 288 338
f 339 289 338
f 290 289 339
f 340 290 339
f 291 290 340
f 341 291 340
f 292 291 341
f 342 292 341
f 293 292 342
f 343 293 342
f 294 293 343
f 344 294 343
f 295 294 344
f 345 295 344
f 296 295 345
f 346 296 345
f 297 296 346
f 347 297 346
f 298 297 347
f 348 298 347
f 299 298 348
f 349 299 348
f 300 299 349
f 350 300 349
f 302 301 351
f 352 302 351
f 303 302 352
f 353 303 352
f 304 303 353
f 354 304 353
f 305 304 354
f 355 305 354
f 306 305 355
f 356 306 355
f 307 306 356
f 357 307 356
f 308 307 357
f 358 308 357
f 309 308 358
f 359 309 358
f 310 309 359
f 360 310 359
f 311 310 360
f 361 311 360
f 312 311 361
f 362 312 361
f 313 312 362
f 363 313 362
f 314 313 363
f 364 314 363
f 315 314 364
f 365 315 364
f 316 315 365
f 366 316 365
f 317 316 366
f 367 317 366
f 318 317 367
f 368 318 367
f 319 318 368
f 369 319 368
f 320 319 369
f 370 320 369
f 321 320 370
f 371 321 370
f 322 321 371
f 372 322 371
f 323 322 372
f 373 323 372
f 324 323 373
f 374 324 373
f 325 324 374
f 375 325 374
f 326 325 375
f 376 326 375
f 327 326 376
f 377 327 376
f 328 327 377
f 378 328 377
f 329 328 378
f 379 329 378
f 330 329 379
f 380 330 379
f 331 330 380
f 381 331 380
f 332 331 381
f 382 332 381
f 333 332 382
f 383 333 382
f 334 333 383
f 384 334 383
f 335 334 384
f 385 335 384
f 336 335 385
f 386 336 385
f 337 336 386
f 387 337 386
f 338 337 387
f 388 338 387
f 339 338 388
f 389 339 388
f 340 339 389
f 390 340 389
f 341 340 390
f 391 341 390
f 342 341 391
f 392 342 391
f 343 342 392
f 393 343 392
f 344 343 393
f 394 344 393
f 345 344 394
f 395 345 394
f 346 345 395
f 396 346 395
f 347 346 396
f 397 347 396
f 348 347 397
f 398 348 397
f 349 348 398
f 399 349 398
f 350 349 399
f 400 350 399
f 352 351 401
f 402 352 401
f 353 352 402
f 403 353 402
f 354 353 403
f 404 354 403
f 355 354 404
f 405 355 404
f 356 355 405
f 406 356 405
f 357 356 406
f 407 357 406
f 358 357 407
f 408 358 407
f 359 358 408
f 409 359 408
f 360 359 409
f 410 360 409
f 361 360 410
f 411 361 410
f 362 361 411
f 412 362 411
f 363 362 412
f 413 363 412
f 364 363 413
f 414 364 413
f 365 364 414
f 415 365 414
f 366 365 415
f 416 366 415
f 367 366 416
f 417 367 416
f 368 367 417
f 418 368 417
f 369 368 418
f 419 369 418
f 370 369 419
f 420 370 419
f 371 370 420
f 421 371 420
f 372 371 421
f 422 372 421
f 373 372 422
f 423 373 422
f 374 373 423
f 424 374 423
f 375 374 424
f 425 375 424
f 376 375 425
f 426 376 425
f 377 376 426
f 427 377 426
f 378 377 427
f 428 378 427
f 379 378 428
f 429 379 428
f 380 379 429
f 430 380 429
f 381 380 430
f 431 381 430
f 382 381 431
f 432 382 431
f 383 382 432
f 433 383 432
f 384 383 433
f 434 384 433
f 385 384 434
f 435 385 434
f 386 385 435
f 436 386 435
f 387 386 436
f 437 387 436
f 388 387 437
f 438 388 437
f 389 388 438
f 439 389 438
f 390 389 439
f 440 390 439
f 391 390 440
f 441 391 440
f 392 391 441
f 442 392 441
f 393 392 442
f 443 393 442
f 394 393 443
f 444 394 443
f 395 394 444
f 445 395 444
f 396 395 445
f 446 396 445
f 397 396 446
f 447 397 446
f 398 397 447
f 448 398 447
f 399 398 448
f 449 399 448
f 400 399 449
f 450 400 449
f 402 401 451
f 452 402 451
f 403 402 452
f 453 403 452
f 404 403 453
f 454 404 453
f 405 404 454
f 455 405 454
f 406 405 455
f 456 406 455
f 407 406 456
f 457 407 456
f 408 407 457
f 458 408 457
f 409 408 458
f 459 409 458
f 410 409 459
f 460 410 459
f 411 410 460
f 461 411 460
f 412 411 461
f 462 412 461
f 413 412 462
f 463 413 462
f 414 413 463
f 464 414 463
f 415 414 464
f 465 415 464
f 416 415 465
f 466 416 465
f 417 416 466
f 467 417 466
f 418 417 467
f 468 418 467
f 419 418 468
f 469 419 468
f 420 419 469
f 470 420 469
f 421 420 470
f 471 421 470
f 422 421 471
f 472 422 471
f 423 422 472
f 473 423 472
f 424 423 473
f 474 424 473
f 425 424 474
f 475 425 474
f 426 425 475
f 476 426 475
f 427 426 476
f 477 427 476
f 428 427 477
f 478 428 477
f 429 428 478
f 479 429 478
f 430 429 479
f 480 430 479
f 431 430 480
f 481 431 480
f 432 431 481
f 482 432 481
f 433 432 482
f 483 433 482
f 434 433 483
f 484 434 483
f 435 434 484
f 485 435 484
f 436 435 485
f 486 436 485
f 437 436 486
f 487 437 486
f 438 437 487
f 488 438 487
f 439 438 488
f 489 439 488
f 440 439 489
f 490 440 489
f 441 440 490
f 491 441 490
f 442 441 491
f 492 442 491
f 443 442 492
f 493 443 492
f 444 443 493
f 494 444 493
f 445 444 494
f 495 445 494
f 446 445 495
f 496 446 495
f 447 446 496
f 497 447 496
f 448 447 497
f 498 448 497
f 449 448 498
f 499 449 498
f 450 449 499
f 500 450 499
f 452 451 501
f 502 452 501
f 453 452 502
f 503 453 502
f 454 453 503
f 504 454 503
f 455 454 504
f 505 455 504
f 456 455 505
f 506 456 505
f 457 456 506
f 507 457 506
f 458 457 507
f 508 458 507
f 459 458 508
f 509 459 508
f 460 459 509
f 510 460 509
f 461 460 510
f 511 461 510
f 462 461 511
f 512 462 511
f 463 462 512
f 513 463 512
f 464 463 513
f 514 464 513
f 465 464 514
f 515 465 514
f 466 465 515
f 516 466 515
f 467 466 516
f 517 467 516
f 468 467 517
f 518 468 517
f 469 468 518
f 519 469 518
f 470 469 519
f 520 470 519
f 471 470 520
f 521 471 520
f 472 471 521
f 522 472 521
f 473 472 522
f 523 473 522
f 474 473 523
f 524 474 523
f 475 474 524
f 525 475 524
f 476 475 525
f 526 476 525
f 477 476 526
f 527 477 526
f 478 477 527
f 528 478 527
f 479 478 528
f 529 479 528
f 480 479 529
f 530 480 529
f 481 480 530
f 531 481 530
f 482 481 531
f 532 482 531
f 483 482 532
f 533 483 532
f 484 483 533
f 534 484 533
f 485 484 534
f 535 485 534
f 486 485 535
f 536 486 535
f 487 486 536
f 537 487 536
f 488 487 537
f 538 488 537
f 489 488 538
f 539 489 538
f 490 489 539
f 540 490 539
f 491 490 540
f 541 491 540
f 492 491 541
f 542 492 541
f 493 492 542
f 543 493 542
f 494 493 543
f 544 494 543
f 495 494 544
f 545 495 544
f 496 495 545
f 546 496 545
f 497 496 546
f 547 497 546
f 498 497 547
f 548 498 547
f 499 498 548
f 549 499 548
f 500 499 549
f 550 500 549
f 502 501 551
f 552 502 551
f 503 502 552
f 553 503 552
f 504 503 553
f 554 504 553
f 505 504 554
f 555 505 554
f 506 505 555
f 556 506 555
f 507 506 556
f 557 507 556
f 508 507 557
f 558 508 557
f 509 508 558
f 559 509 558
f 510 509 559
f 560 510 559
f 511 510 560
f 561 511 560
f 512 511 561
f 562 512 561
f 513 512 562
f 563 513 562
f 514 513 563
f 564 514 563
f 515 514 564
f 565 515 564
f 516 515 565
f 566 516 565
f 517 516 566
f 567 517 566
f 518 517 567
f 568 518 567
f 519 518 568
f 569 519 568
f 520 519 569
f 570 520 569
f 521 520 570
f 571 521 570
f 522 521 571
f 572 522 571
f 523 522 572
f 573 523 572
f 524 523 573
f 574 524 573
f 525 524 574
f 575 525 574
f 526 525 575
f 576 526 575
f 527 526 576
f 577 527 576
f 528 527 577
f 578 528 577
f 529 528 578
f 579 529 578
f 530 529 579
f 580 530 579
f 531 530 580
f 581 531 580
f 532 531 581
f 582 532 581
f 533 532 582
f 583 533 582
f 534 533 583
f 584 534 583
f 535 534 584
f 585 535 584
f 536 535 585
f 586 536 585
f 537 536 586
f 587 537 586
f 538 537 587
f 588 538 587
f 539 538 588
f 589 539 588
f 540 539 589
f 590 540 589
f 541 540 590
f 591 541 590
f 542 541 591
f 592 542 591
f 543 542 592
f 593 543 592
f 544 543 593
f 594 544 593
f 545 544 594
f 595 545 594
f 546 545 595
f 596 546 595
f 547 546 596
f 597 547 596
f 548 547 597
f 598 548 597
f 549 548 598
f 599 549 598
f 550 549 599
f 600 550 599
f 552 551 601
f 602 552 601
f 553 552 602
f 603 553 602
f 554 553 603
f 604 554 603
f 555 554 604
f 605 555 604
f 556 555 605
f 606 556 605
f 557 556 606
f 607 557 606
f 558 557 607
f 608 558 607
f 559 558 608
f 609 559 608
f 560 559 609
f 610 560 609
f 561 560 610
f 611 561 610
f 562 561 611
f 612 562 611
f 563 562 612
f 613 563 612
f 564 563 613
f 614 564 613
f 565 564 614
f 615 565 614
f 566 565 615
f 616 566 615
f 567 566 616
f 617 567 616
f 568 567 617
f 618 568 617
f 569 568 618
f 619 569 618
f 570 569 619
f 620 570 619
f 571 570 620
f 621 571 620
f 572 571 621
f 622 572 621
f 573 572 622
f 623 573 622
f 574 573 623
f 624 574 623
f 575 574 624
f 625 575 624
f 576 575 625
f 626 576 625
f 577 576 626
f 627 577 626
f 578 577 627
f 628 578 627
f 579 578 628
f 629 579 628
f 580 579 629
f 630 580 629
f 581 580 630
f 631 581 630
f 582 581 631
f 632 582 631
f 583 582 632
f 633 583 632
f 584 583 633
f 634 584 633
f 585 584 634
f 635 585 634
f 586 585 635
f 636 586 635
f 587 586 636
f 637 587 636
f 588 587 637
f 638 588 637
f 589 588 638
f 639 589 638
f 590 589 639
f 640 590 639
f 591 590 640
f 641 591 640
f 592 591 641
f 642 592 641
f 593 592 642
f 643 593 642
f 594 593 643
f 644 594 643
f 595 594 644
f 645 595 644
f 596 595 645
f 646 596 645
f 597 596 646
f 647 597 646
f 598 597 647
f 648 598 647
f 599 598 648
f 649 599 648
f 600 599 649
f 650 600 649
f 602 601 651
f 652 602 651
f 603 602 652
f 653 603 652
f 604 603 653
f 654 604 653
f 605 604 654
f 655 605 654
f 606 605 655
f 656 606 655
f 607 606 656
f 657 607 656
f 608 607 657
f 658 608 657
f 609 608 658
f 659 609 658
f 610 609 659
f 660 610 659
f 611 610 660
f 661 611 660
f 612 611 661
f 662 612 661
f 613 612 662
f 663 613 662
f 614 613 663
f 664 614 663
f 615 614 664
f 665 615 664
f 616 615 665
f 666 616 665
f 617 616 666
f 667 617 666
f 618 617 667
f 668 618 667
f 619 618 668
f 669 619 668
f 620 619 669
f 670 620 669
f 621 620 670
f 671 621 670
f 622 621 671
f 672 622 671
f 623 622 672
f 673 623 672
f 624 623 673
f 674 624 673
f 625 624 674
f 675 625 674
f 626 625 675
f 676 626 675
f 627 626 676
f 677 627 676
f 628 627 677
f 678 628 677
f 629 628 678
f 679 629 678
f 630 629 679
f 680 630 679
f 631 630 680
f 681 631 680
f 632 631 681
f 682 632 681
f 633 632 682
f 683 633 682
f 634 633 683
f 684 634 683
f 635 634 684
f 685 635 684
f 636 635 685
f 686 636 685
f 637 636 686
f 687 637 686
f 638 637 687
f 688 638 687
f 639 638 688
f 689 639 688
f 640 639 689
f 690 640 689
f 641 640 690
f 691 641 690
f 642 641 691
f 692 642 691
f 643 642 692
f 693 643 692
f 644 643 693
f 694 644 693
f 645 644 694
f 695 645 694
f 646 645 695
f 696 646 695
f 647 646 696
f 697 647 696
f 648 647 697
f 698 648 697
f 649 648 698
f 699 649 698
f 650 649 699
f 700 650 699
f 652 651 701
f 702 652 701
f 653 652 702
f 703 653 702
f 654 653 703
f 704 654 703
f 655 654 704
f 705 655 704
f 656 655 705
f 706 656 705
f 657 656 706
f 707 657 706
f 658 657 707
f 708 658 707
f 659 658 708
f 709 659 708
f 660 659 709
f 710 660 709
f 661 660 710
f 711 661 710
f 662 661 711
f 712 662 711
f 663 662 712
f 713 663 712
f 664 663 713
f 714 664 713
f 665 664 714
f 715 665 714
f 666 665 715
f 716 666 715
f 667 666 716
f 717 667 716
f 668 667 717
f 718 668 717
f 669 668 718
f 719 669 718
f 670 669 719
f 720 670 719
f 671 670 720
f 721 671 720
f 672 671 721
f 722 672 721
f 673 672 722
f 723 673 722
f 674 673 723
f 724 674 723
f 675 674 724
f 725 675 724
f 676 675 725
f 726 676 725
f 677 676 726
f 727 677 726
f 678 677 727
f 728 678 727
f 679 678 728
f 729 679 728
f 680 679 729
f 730 680 729
f 681 680 730
f 731 681 730
f 682 681 731
f 732 682 731
f 683 682 732
f 733 683 732
f 684 683 733
f 734 684 733
f 685 684 734
f 735 685 734
f 686 685 735
f 736 686 735
f 687 686 736
f 737 687 736
f 688 687 737
f 738 688 737
f 689 688 738
f 739 689 738
f 690 689 739
f 740 690 739
f 691 690 740
f 741 691 740
f 692 691 741
f 742 692 741
f 693 692 742
f 743 693 742
f 694 693 743
f 744 694 743
f 695 694 744
f 745 695 744
f 696 695 745
f 746 696 745
f 697 696 746
f 747 697 746
f 698 697 747
f 748 698 747
f 699 698 748
f 749 699 748
f 700 699 749
f 750 700 749
f 702 701 751
f 752 702 751
f 703 702 752
f 753 703 752
f 704 703 753
f 754 704 753
f 705 704 754
f 755 705 754
f 706 705 755
f 756 706 755
f 707 706 756
f 757 707 756
f 708 707 757
f 758 708 757
f 709 708 758
f 759 709 758
f 710 709 759
f 760 710 759
f 711 710 760
f 761 711 760
f 712 711 761
f 762 712 761
f 713 712 762
f 763 713 762
f 714 713 763
f 764 714 763
f 715 714 764
f 765 715 764
f 716 715 765
f 766 716 765
f 717 716 766
f 767 717 766
f 718 717 767
f 768 718 767
f 719 718 768
f 769 719 768
f 720 719 769
f 770 720 769
f 721 720 770
f 771 721 770
f 722 721 771
f 772 722 771
f 723 722 772
f 773 723 772
f 724 723 773
f 774 724 773
f 725 724 774
f 775 725 774
f 726 725 775
f 776 726 775
f 727 726 776
f 777 727 776
f 728 727 777
f 778 728 777
f 729 728 778
f 779 729 778
f 730 729 779
f 780 730 779
f 731 730 780
f 781 731 780
f 732 731 781
f 782 732 781
f 733 732 782
f 783 733 782
f 734 733 783
f 784 734 783
f 735 734 784
f 785 735 784
f 736 735 785
f 786 736 785
f 737 736 786
f 787 737 786
f 738 737 787
f 788 738 787
f 739 738 788
f 789 739 788
f 740 739 789
f 790 740 789
f 741 740 790
f 791 741 790
f 742 741 791
f 792 742 791
f 743 742 792
f 793 743 792
f 744 743 793
f 794 744 793
f 745 744 794
f 795 745 794
f 746 745 795
f 796 746 795
f 747 746 796
f 797 747 796
f 748 747 797
f 798 748 797
f 749 748 798
f 799 749 798
f 750 749 799
f 800 750 799
f 752 751 801
f 802 752 801
f 753 752 802
f 803 753 802
f 754 753 803
f 804 754 803
f 755 754 804
f 805 755 804
f 756 755 805
f 806 756 805
f 757 756 806
f 807 757 806
f 758 757 807
f 808 758 807
f 759 758 808
f 809 759 808
f 760 759 809
f 810 760 809
f 761 760 810
f 811 761 810
f 762 761 811
f 812 762 811
f 763 762 812
f 813 763 812
f 764 763 813
f 814 764 813
f 765 764 814
f 815 765 814
f 766 765 815
f 816 766 815
f 767 766 816
f 817 767 816
f 768 767 817
f 818 768 817
f 769 768 818
f 819 769 818
f 770 769 819
f 820 770 819
f 771 770 820
f 821 771 820
f 772 771 821
f 822 772 821
f 773 772 822
f 823 773 822
f 774 773 823
f 824 774 823
f 775 774 824
f 825 775 824
f 776 775 825
f 826 776 825
f 777 776 826
f 827 777 826
f 778 777 827
f 828 778 827
f 779 778 828
f 829 779 828
f 780 779 829
f 830 780 829
f 781 780 830
f 831 781 830
f 782 781 831
f 832 782 831
f 783 782 832
f 833 783 832
f 784 783 833
f 834 784 833
f 785 784 834
f 835 785 834
f 786 785 835
f 836 786 835
f 787 786 836
f 837 787 836
f 788 787 837
f 838 788 837
f 789 788 838
f 839 789 838
f 790 789 839
f 840 790 839
f 791 790 840
f 841 791 840
f 792 791 841
f 842 792 841
f 793 792 842
f 843 793 842
f 794 793 843
f 844 794 843
f 795 794 844
f 845 795 844
f 796 795 845
f 846 796 845
f 797 796 846
f 847 797 846
f 798 797 847
f 848 798 847
f 799 798 848
f 849 799 848
f 800 799 849
f 850 800 849
f 802 801 851
f 852 802 851
f 803 802 852
f 853 803 852
f 804 803 853
f 854 804 853
f 805 804 854
f 855 805 854
f 806 805 855
f 856 806 855
f 807 806 856
f 857 807 856
f 808 807 857
f 858 808 857
f 809 808 858
f 859 809 858
f 810 809 859
f 860 810 859
f 811 810 860
f 861 811 860
f 812 811 861
f 862 812 861
f 813 812 862
f 863 813 862
f 814 813 863
f 864 814 863
f 815 814 864
f 865 815 864
f 816 815 865
f 866 816 865
f 817 816 866
f 867 817 866
f 818 817 867
f 868 818 867
f 819 818 868
f 869 819 868
f 820 819 869
f 870 820 869
f 821 820 870
f 871 821 870
f 822 821 871
f 872 822 871
f 823 822 872
f 873 823 872
f 824 823 873
f 874 824 873
f 825 824 874
f 875 825 874
f 826 825 875
f 876 826 875
f 827 826 876
f 877 827 876
f 828 827 877
f 878 828 877
f 829 828 878
f 879 829 878
f 830 829 879
f 880 830 879
f 831 830 880
f 881 831 880
f 832 831 881
f 882 832 881
f 833 832 882
f 883 833 882
f 834 833 883
f 884 834 883
f 835 834 884
f 885 835 884
f 836 835 885
f 886 836 885
f 837 836 886
f 887 837 886
f 838 837 887
f 888 838 887
f 839 838 888
f 889 839 888
f 840 839 889
f 890 840 889
f 841 840 890
f 891 841 890
f 842 841 891
f 892 842 891
f 843 842 892
f 893 843 892
f 844 843 893
f 894 844 893
f 845 844 894
f 895 845 894
f 846 845 895
f 896 846 895
f 847 846 896
f 897 847 896
f 848 847 897
f 898 848 897
f 849 848 898
f 899 849 898
f 850 849 899
f 900 850 899
f 852 851 901
f 902 852 901
f 853 852 902
f 903 853 902
f 854 853 903
f 904 854 903
f 855 854 904
f 905 855 904
f 856 855 905
f 906 856 905
f 857 856 906
f 907 857 906
f 858 857 907
f 908 858 907
f 859 858 908
f 909 859 908
f 860 859 909
f 910 860 909
f 861 860 910
f 911 861 910
f 862 861 911
f 912 862 911
f 863 862 912
f 913 863 912
f 864 863 913
f 914 864 913
f 865 864 914
f 915 865 914
f 866 865 915
f 916 866 915
f 867 866 916
f 917 867 916
f 868 867 917
f 918 868 917
f 869 868 918
f 919 869 918
f 870 869 919
f 920 870 919
f 871 870 920
f 921 871 920
f 872 871 921
f 922 872 921
f 873 872 922
f 923 873 922
f 874 873 923
f 924 874 923
f 875 874 924
f 925 875 924
f 876 875 925
f 926 876 925
f 877 876 926
f 927 877 926
f 878 877 927
f 928 878 927
f 879 878 928
f 929 879 928
f 880 879 929
f 930 880 929
f 881 880 930
f 931 881 930
f 882 881 931
f 932 882 931
f 883 882 932
f 933 883 932
f 884 883 933
f 934 884 933
f 885 884 934
f 935 885 934
f 886 885 935
f 936 886 935
f 887 886 936
f 937 887 936
f 888 887 937
f 938 888 937
f 889 888 938
f 939 889 938
f 890 889 939
f 940 890 939
f 891 890 940
f 941 891 940
f 892 891 941
f 942 892 941
f 893 892 942
f 943 893 942
f 894 893 943
f 944 894 943
f 895 894 944
f 945 895 944
f 896 895 945
f 946 896 945
f 897 896 946
f 947 897 946
f 898 897 947
f 948 898 947
f 899 898 948
f 949 899 948
f 900 899 949
f 950 900 949
f 902 901 951
f 952 902 951
f 903 902 952
f 953 903 952
f 904 903 953
f 954 904 953
f 905 904 954
f 955 905 954
f 906 905 955
f 956 906 955
f 907 906 956
f 957 907 956
f 908 907 957
f 958 908 957
f 909 908 958
f 959 909 958
f 910 909 959
f 960 910 959
f 911 910 960
f 961 911 960
f 912 911 961
f 962 912 961
f 913 912 962
f 963 913 962
f 914 913 963
f 964 914 963
f 915 914 964
f 965 915 964
f 916 915 965
f 966 916 965
f 917 916 966
f 967 917 966
f 918 917 967
f 968 918 967
f 919 918 968
f 969 919 968
f 920 919 969
f 970 920 969
f 921 920 970
f 971 921 970
f 922 921 971
f 972 922 971
f 923 922 972
f 973 923 972
f 924 923 973
f 974 924 973
f 925 924 974
f 975 925 974
f 926 925 975
f 976 926 975
f 927 926 976
f 977 927 976
f 928 927 977
f 978 928 977
f 929 928 978
f 979 929 978
f 930 929 979
f 980 930 979
f 931 930 980
f 981 931 980
f 932 931 981
f 982 932 981
f 933 932 982
f 983 933 982
f 934 933 983
f 984 934 983
f 935 934 984
f 985 935 984
f 936 935 985
f 986 936 985
f 937 936 986
f 987 937 986
f 938 937 987
f 988 938 987
f 939 938 988
f 989 939 988
f 940 939 989
f 990 940 989
f 941 940 990
f 991 941 990
f 942 941 991
f 992 942 991
f 943 942 992
f 993 943 992
f 944 943 993
f 994 944 993
f 945 944 994
f 995 945 994
f 946 945 995
f 996 946 995
f 947 946 996
f 997 947 996
f 948 947 997
f 998 948 997
f 949 948 998
f 999 949 998
f 950 949 999
f 1000 950 999
f 952 951 1001
f 1002 952 1001
f 953 952 1002
f 1003 953 1002
f 954 953 1003
f 1004 954 1003
f 955 954 1004
f 1005 955 1004
f 956 955 1005
f 1006 956 1005
f 957 956 1006
f 1007 957 1006
f 958 957 1007
f 1008 958 1007
f 959 958 1008
f 1009 959 1008
f 960 959 1009
f 1010 960 1009
f 961 960 1010
f 1011 961 1010
f 962 961 1011
f 1012 962 1011
f 963 962 1012
f 1013 963 1012
f 964 963 1013
f 1014 964 1013
f 965 964 1014
f 1015 965 1014
f 966 965 1015
f 1016 966 1015
f 967 966 1016
f 1017 967 1016
f 968 967 1017
f 1018 968 1017
f 969 968 1018
f 1019 969 1018
f 970 969 1019
f 1020 970 1019
f 971 970 1020
f 1021 971 1020
f 972 971 1021
f 1022 972 1021
f 973 972 1022
f 1023 973 1022
f 974 973 1023
f 1024 974 1023
f 975 974 1024
f 1025 975 1024
f 976 975 1025
f 1026 976 1025
f 977 976 1026
f 1027 977 1026
f 978 977 1027
f 1028 978 1027
f 979 978 1028
f 1029 979 1028
f 980 979 1029
f 1030 980 1029
f 981 980 1030
f 1031 981 1030
f 982 981 1031
f 1032 982 1031
f 983 982 1032
f 1033 983 1032
f 984 983 1033
f 1034 984 1033
f 985 984 1034
f 1035 985 1034
f 986 985 1035
f 1036 986 1035
f 987 986 1036
f 1037 987 1036
f 988 987 1037
f 1038 988 1037
f 989 988 1038
f 1039 989 1038
f 990 989 1039
f 1040 990 1039
f 991 990 1040
f 1041 991 1040
f 992 991 1041
f 1042 992 1041
f 993 992 1042
f 1043 993 1042
f 994 993 1043
f 1044 994 1043
f 995 994 1044
f 1045 995 1044
f 996 995 1045
f 1046 996 1045
f 997 996 1046
f 1047 997 1046
f 998 997 1047
f 1048 998 1047
f 999 998 1048
f 1049 999 1048
f 1000 999 1049
f 1050 1000 1049
f 1002 1001 1051
f 1052 1002 1051
f 1003 1002 1052
f 1053 1003 1052
f 1004 1003 1053
f 1054 1004 1053
f 1005 1004 1054
f 1055 1005 1054
f 1006 1005 1055
f 1056 1006 1055
f 1007 1006 1056
f 1057 1007 1056
f 1008 1007 1057
f 1058 1008 1057
f 1009 1008 1058
f 1059 1009 1058
f 1010 1009 1059
f 1060 1010 1059
f 1011 1010 1060
f 1061 1011 1060
f 1012 1011 1061
f 1062 1012 1061
f 1013 1012 1062
f 1063 1013 1062
f 1014 1013 1063
f 1064 1014 1063
f 1015 1014 1064
f 1065 1015 1064
f 1016 1015 1065
f 1066 1016 1065
f 1017 1016 1066
f 1067 1017 1066
f 1018 1017 1067
f 1068 1018 1067
f 1019 1018 1068
f 1069 1019 1068
f 1020 1019 1069
f 1070 1020 1069
f 1021 1020 1070
f 1071 1021 1070
f 1022 1021 1071
f 1072 1022 1071
f 1023 1022 1072
f 1073 1023 1072
f 1024 1023 1073
f 1074 1024 1073
f 1025 1024 1074
f 1075 1025 1074
f 1026 1025 1075
f 1076 1026 1075
f 1027 1026 1076
f 1077 1027 1076
f 1028 1027 1077
f 1078 1028 1077
f 1029 1028 1078
f 1079 1029 1078
f 1030 1029 1079
f 1080 1030 1079
f 1031 1030 1080
f 1081 1031 1080
f 1032 1031 1081
f 1082 1032 1081
f 1033 1032 1082
f 1083 1033 1082
f 1034 1033 1083
f 1084 1034 1083
f 1035 1034 1084
f 1085 1035 1084
f 1036 1035 1085
f 1086 1036 1085
f 1037 1036 1086
f 1087 1037 1086
f 1038 1037 1087
f 1088 1038 1087
f 1039 1038 1088
f 1089 1039 1088
f 1040 1039 1089
f 1090 1040 1089
f 1041 1040 1090
f 1091 1041 1090
f 1042 1041 1091
f 1092 1042 1091
f 1043 1042 1092
f 1093 1043 1092
f 1044 1043 1093
f 1094 1044 1093
f 1045 1044 1094
f 1095 1045 1094
f 1046 1045 1095
f 1096 1046 1095
f 1047 1046 1096
f 1097 1047 1096
f 1048 1047 1097
f 1098 1048 1097
f 1049 1048 1098
f 1099 1049 1098
f 1050 1049 1099
f 1100 1050 1099
f 1052 1051 1101
f 1102 1052 1101
f 1053 1052 1102
f 1103 1053 1102
f 1054 1053 1103
f 1104 1054 1103
f 1055 1054 1104
f 1105 1055 1104
f 1056 1055 1105
f 1106 1056 1105
f 1057 1056 1106
f 1107 1057 1106
f 1058 1057 1107
f 1108 1058 1107
f 1059 1058 1108
f 1109 1059 1108
f 1060 1059 1109
f 1110 1060 1109
f 1061 1060 1110
f 1111 1061 1110
f 1062 1061 1111
f 1112 1062 1111
f 1063 1062 1112
f 1113 1063 1112
f 1064 1063 1113
f 1114 1064 1113
f 1065 1064 1114
f 1115 1065 1114
f 1066 1065 1115
f 1116 1066 1115
f 1067 1066 1116
f 1117 1067 1116
f 1068 1067 1117
f 1118 1068 1117
f 1069 1068 1118
f 1119 1069 1118
f 1070 1069 1119
f 1120 1070 1119
f 1071 1070 1120
f 1121 1071 1120
f 1072 1071 1121
f 1122 1072 1121
f 1073 1072 1122
f 1123 1073 1122
f 1074 1073 1123
f 1124 1074 1123
f 1075 1074 1124
f 1125 1075 1124
f 1076 1075 1125
f 1126 1076 1125
f 1077 1076 1126
f 1127 1077 1126
f 1078 1077 1127
f 1128 1078 1127
f 1079 1078 1128
f 1129 1079 1128
f 1080 1079 1129
f 1130 1080 1129
f 1081 1080 1130
f 1131 1081 1130
f 1082 1081 1131
f 1132 1082 1131
f 1083 1082 1132
f 1133 1083 1132
f 1084 1083 1133
f 1134 1084 1133
f 1085 1084 1134
f 1135 1085 1134
f 1086 1085 1135
f 1136 1086 1135
f 1087 1086 1136
f 1137 1087 1136
f 1088 1087 1137
f 1138 1088 1137
f 1089 1088 1138
f 1139 1089 1138
f 1090 1089 1139
f 1140 1090 1139
f 1091 1090 1140
f 1141 1091 1140
f 1092 1091 1141
f 1142 1092 1141
f 1093 1092 1142
f 1143 1093 1142
f 1094 1093 1143
f 1144 1094 1143
f 1095 1094 1144
f 1145 1095 1144
f 1096 1095 1145
f 1146 1096 1145
f 1097 1096 1146
f 1147 1097 1146
f 1098 1097 1147
f 1148 1098 1147
f 1099 1098 1148
f 1149 1099 1148
f 1100 1099 1149
f 1150 1100 1149
f 1102 1101 1151
f 1152 1102 1151
f 1103 1102 1152
f 1153 1103 1152
f 1104 1103 1153
f 1154 1104 1153
f 1105 1104 1154
f 1155 1105 1154
f 1106 1105 1155
f 1156 1106 1155
f 1107 1106 1156
f 1157 1107 1156
f 1108 1107 1157
f 1158 1108 1157
f 1109 1108 1158
f 1159 1109 1158
f 1110 1109 1159
f 1160 1110 1159
f 1111 1110 1160
f 1161 1111 1160
f 1112 1111 1161
f 1162 1112 1161
f 1113 1112 1162
f 1163 1113 1162
f 1114 1113 1163
f 1164 1114 1163
f 1115 1114 1164
f 1165 1115 1164
f 1116 1115 1165
f 1166 1116 1165
f 1117 1116 1166
f 1167 1117 1166
f 1118 1117 1167
f 1168 1118 1167
f 1119 1118 1168
f 1169 1119 1168
f 1120 1119 1169
f 1170 1120 1169
f 1121 1120 1170
f 1171 1121 1170
f 1122 1121 1171
f 1172 1122 1171
f 1123 1122 1172
f 1173 1123 1172
f 1124 1123 1173
f 1174 1124 1173
f 1125 1124 1174
f 1175 1125 1174
f 1126 1125 1175
f 1176 1126 1175
f 1127 1126 1176
f 1177 1127 1176
f 1128 1127 1177
f 1178 1128 1177
f 1129 1128 1178
f 1179 1129 1178
f 1130 1129 1179
f 1180 1130 1179
f 1131 1130 1180
f 1181 1131 1180
f 1132 1131 1181
f 1182 1132 1181
f 1133 1132 1182
f 1183 1133 1182
f 1134 1133 1183
f 1184 1134 1183
f 1135 1134 1184
f 1185 1135 1184
f 1136 1135 1185
f 1186 1136 1185
f 1137 1136 1186
f 1187 1137 1186
f 1138 1137 1187
f 1188 1138 1187
f 1139 1138 1188
f 1189 1139 1188
f 1140 1139 1189
f 1190 1140 1189
f 1141 1140 1190
f 1191 1141 1190
f 1142 1141 1191
f 1192 1142 1191
f 1143 1142 1192
f 1193 1143 1192
f 1144 1143 1193
f 1194 1144 1193
f 1145 1144 1194
f 1195 1145 1194
f 1146 1145 1195
f 1196 1146 1195
f 1147 1146 1196
f 1197 1147 1196
f 1148 1147 1197
f 1198 1148 1197
f 1149 1148 1198
f 1199 1149 1198
f 1150 1149 1199
f 1200 1150 1199
f 1152 1151 1201
f 1202 1152 1201
f 1153 1152 1202
f 1203 1153 1202
f 1154 1153 1203
f 1204 1154 1203
f 1155 1154 1204
f 1205 1155 1204
f 1156 1155 1205
f 1206 1156 1205
f 1157 1156 1206
f 1207 1157 1206
f 1158 1157 1207
f 1208 1158 1207
f 1159 1158 1208
f 1209 1159 1208
f 1160 1159 1209
f 1210 1160 1209
f 1161 1160 1210
f 1211 1161 1210
f 1162 1161 1211
f 1212 1162 1211
f 1163 1162 1212
f 1213 1163 1212
f 1164 1163 1213
f 1214 1164 1213
f 1165 1164 1214
f 1215 1165 1214
f 1166 1165 1215
f 1216 1166 1215
f 1167 1166 1216
f 1217 1167 1216
f 1168 1167 1217
f 1218 1168 1217
f 1169 1168 1218
f 1219 1169 1218
f 1170 1169 1219
f 1220 1170 1219
f 1171 1170 1220
f 1221 1171 1220
f 1172 1171 1221
f 1222 1172 1221
f 1173 1172 1222
f 1223 1173 1222
f 1174 1173 1223
f 1224 1174 1223
f 1175 1174 1224
f 1225 1175 1224
f 1176 1175 1225
f 1226 1176 1225
f 1177 1176 1226
f 1227 1177 1226
f 1178 1177 1227
f 1228 1178 1227
f 1179 1178 1228
f 1229 1179 1228
f 1180 1179 1229
f 1230 1180 1229
f 1181 1180 1230
f 1231 1181 1230
f 1182 1181 1231
f 1232 1182 1231
f 1183 1182 1232
f 1233 1183 1232
f 1184 1183 1233
f 1234 1184 1233
f 1185 1184 1234
f 1235 1185 1234
f 1186 1185 1235
f 1236 1186 1235
f 1187 1186 1236
f 1237 1187 1236
f 1188 1187 1237
f 1238 1188 1237
f 1189 1188 1238
f 1239 1189 1238
f 1190 1189 1239
f 1240 1190 1239
f 1191 1190 1240
f 1241 1191 1240
f 1192 1191 1241
f 1242 1192 1241
f 1193 1192 1242
f 1243 1193 1242
f 1194 1193 1243
f 1244 1194 1243
f 1195 1194 1244
f 1245 1195 1244
f 1196 1195 1245
f 1246 1196 1245
f 1197 1196 1246
f 1247 1197 1246
f 1198 1197 1247
f 1248 1198 1247
f 1199 1198 1248
f 1249 1199 1248
f 1200 1199 1249
f 1250 1200 1249
f 1202 1201 1251
f 1252 1202 1251
f 1203 1202 1252
f 1253 1203 1252
f 1204 1203 1253
f 1254 1204 1253
f 1205 1204 1254
f 1255 1205 1254
f 1206 1205 1255
f 1256 1206 1255
f 1207 1206 1256
f 1257 1207 1256
f 1208 1207 1257
f 1258 1208 1257
f 1209 1208 1258
f 1259 1209 1258
f 1210 1209 1259
f 1260 1210 1259
f 1211 1210 1260
f 1261 1211 1260
f 1212 1211 1261
f 1262 1212 1261
f 1213 1212 1262
f 1263 1213 1262
f 1214 1213 1263
f 1264 1214 1263
f 1215 1214 1264
f 1265 1215 1264
f 1216 1215 1265
f 1266 1216 1265
f 1217 1216 1266
f 1267 1217 1266
f 1218 1217 1267
f 1268 1218 1267
f 1219 1218 1268
f 1269 1219 1268
f 1220 1219 1269
f 1270 1220 1269
f 1221 1220 1270
f 1271 1221 1270
f 1222 1221 1271
f 1272 1222 1271
f 1223 1222 1272
f 1273 1223 1272
f 1224 1223 1273
f 1274 1224 1273
f 1225 1224 1274
f 1275 1225 1274
f 1226 1225 1275
f 1276 1226 1275
f 1227 1226 1276
f 1277 1227 1276
f 1228 1227 1277
f 1278 1228 1277
f 1229 1228 1278
f 1279 1229 1278
f 1230 1229 1279
f 1280 1230 1279
f 1231 1230 1280
f 1281 1231 1280
f 1232 1231 1281
f 1282 1232 1281
f 1233 1232 1282
f 1283 1233 1282
f 1234 1233 1283
f 1284 1234 1283
f 1235 1234 1284
f 1285 1235 1284
f 1236 1235 1285
f 1286 1236 1285
f 1237 1236 1286
f 1287 1237 1286
f 1238 1237 1287
f 1288 1238 1287
f 1239 1238 1288
f 1289 1239 1288
f 1240 1239 1289
f 1290 1240 1289
f 1241 1240 1290
f 1291 1241 1290
f 1242 1241 1291
f 1292 1242 1291
f 1243 1242 1292
f 1293 1243 1292
f 1244 1243 1293
f 1294 1244 1293
f 1245 1244 1294
f 1295 1245 1294
f 1246 1245 1295
f 1296 1246 1295
f 1247 1246 1296
f 1297 1247 1296
f 1248 1247 1297
f 1298 1248 1297
f 1249 1248 1298
f 1299 1249 1298
f 1250 1249 1299
f 1300 1250 1299
f 1252 1251 1301
f 1302 1252 1301
f 1253 1252 1302
f 1303 1253 1302
f 1254 1253 1303
f 1304 1254 1303
f 1255 1254 1304
f 1305 1255 1304
f 1256 1255 1305
f 1306 1256 1305
f 1257 1256 1306
f 1307 1257 1306
f 1258 1257 1307
f 1308 1258 1307
f 1259 1258 1308
f 1309 1259 1308
f 1260 1259 1309
f 1310 1260 1309
f 1261 1260 1310
f 1311 1261 1310
f 1262 1261 1311
f 1312 1262 1311
f 1263 1262 1312
f 1313 1263 1312
f 1264 1263 1313
f 1314 1264 1313
f 1265 1264 1314
f 1315 1265 1314
f 1266 1265 1315
f 1316 1266 1315
f 1267 1266 1316
f 1317 1267 1316
f 1268 1267 1317
f 1318 1268 1317
f 1269 1268 1318
f 1319 1269 1318
f 1270 1269 1319
f 1320 1270 1319
f 1271 1270 1320
f 1321 1271 1320
f 1272 1271 1321
f 1322 1272 1321
f 1273 1272 1322
f 1323 1273 1322
f 1274 1273 1323
f 1324 1274 1323
f 1275 1274 1324
f 1325 1275 1324
f 1276 1275 1325
f 1326 1276 1325
f 1277 1276 1326
f 1327 1277 1326
f 1278 1277 1327
f 1328 1278 1327
f 1279 1278 1328
f 1329 1279 1328
f 1280 1279 1329
f 1330 1280 1329
f 1281 1280 1330
f 1331 1281 1330
f 1282 1281 1331
f 1332 1282 1331
f 1283 1282 1332
f 1333 1283 1332
f 1284 1283 1333
f 1334 1284 1333
f 1285 1284 1334
f 1335 1285 1334
f 1286 1285 1335
f 1336 1286 1335
f 1287 1286 1336
f 1337 1287 1336
f 1288 1287 1337
f 1338 1288 1337
f 1289 1288 1338
f 1339 1289 1338
f 1290 1289 1339
f 1340 1290 1339
f 1291 1290 1340
f 1341 1291 1340
f 1292 1291 1341
f 1342 1292 1341
f 1293 1292 1342
f 1343 1293 1342
f 1294 1293 1343
f 1344 1294 1343
f 1295 1294 1344
f 1345 1295 1344
f 1296 1295 1345
f 1346 1296 1345
f 1297 1296 1346
f 1347 1297 1346
f 1298 1297 1347
f 1348 1298 1347
f 1299 1298 1348
f 1349 1299 1348
f 1300 1299 1349
f 1350 1300 1349
f 1302 1301 1351
f 1352 1302 1351
f 1303 1302 1352
f 1353 1303 1352
f 1304 1303 1353
f 1354 1304 1353
f 1305 1304 1354
f 1355 1305 1354
f 1306 1305 1355
f 1356 1306 1355
f 1307 1306 1356
f 1357 1307 1356
f 1308 1307 1357
f 1358 1308 1357
f 1309 1308 1358
f 1359 1309 1358
f 1310 1309 1359
f 1360 1310 1359
f 1311 1310 1360
f 1361 1311 1360
f 1312 1311 1361
f 1362 1312 1361
f 1313 1312 1362
f 1363 1313 1362
f 1314 1313 1363
f 1364 1314 1363
f 1315 1314 1364
f 1365 1315 1364
f 1316 1315 1365
f 1366 1316 1365
f 1317 1316 1366
f 1367 1317 1366
f 1318 1317 1367
f 1368 1318 1367
f 1319 1318 1368
f 1369 1319 1368
f 1320 1319 1369
f 1370 1320 1369
f 1321 1320 1370
f 1371 1321 1370
f 1322 1321 1371
f 1372 1322 1371
f 1323 1322 1372
f 1373 1323 1372
f 1324 1323 1373
f 1374 1324 1373
f 1325 1324 1374
f 1375 1325 1374
f 1326 1325 1375
f 1376 1326 1375
f 1327 1326 1376
f 1377 1327 1376
f 1328 1327 1377
f 1378 1328 1377
f 1329 1328 1378
f 1379 1329 1378
f 1330 1329 1379
f 1380 1330 1379
f 1331 1330 1380
f 1381 1331 1380
f 1332 1331 1381
f 1382 1332 1381
f 1333 1332 1382
f 1383 1333 1382
f 1334 1333 1383
f 1384 1334 1383
f 1335 1334 1384
f 1385 1335 1384
f 1336 1335 1385
f 1386 1336 1385
f 1337 1336 1386
f 1387 1337 1386
f 1338 1337 1387
f 1388 1338 1387
f 1339 1338 1388
f 1389 1339 1388
f 1340 1339 1389
f 1390 1340 1389
f 1341 1340 1390
f 1391 1341 1390
f 1342 1341 1391
f 1392 1342 1391
f 1343 1342 1392
f 1393 1343 1392
f 1344 1343 1393
f 1394 1344 1393
f 1345 1344 1394
f 1395 1345 1394
f 1346 1345 1395
f 1396 1346 1395
f 1347 1346 1396
f 1397 1347 1396
f 1348 1347 1397
f 1398 1348 1397
f 1349 1348 1398
f 1399 1349 1398
f 1350 1349 1399
f 1400 1350 1399
f 1352 1351 1401
f 1402 1352 1401
f 1353 1352 1402
f 1403 1353 1402
f 1354 1353 1403
f 1404 1354 1403
f 1355 1354 1404
f 1405 1355 1404
f 1356 1355 1405
f 1406 1356 1405
f 1357 1356 1406
f 1407 1357 1406
f 1358 1357 1407
f 1408 1358 1407
f 1359 1358 1408
f 1409 1359 1408
f 1360 1359 1409
f 1410 1360 1409
f 1361 1360 1410
f 1411 1361 1410
f 1362 1361 1411
f 1412 1362 1411
f 1363 1362 1412
f 1413 1363 1412
f 1364 1363 1413
f 1414 1364 1413
f 1365 1364 1414
f 1415 1365 1414
f 1366 1365 1415
f 1416 1366 1415
f 1367 1366 1416
f 1417 1367 1416
f 1368 1367 1417
f 1418 1368 1417
f 1369 1368 1418
f 1419 1369 1418
f 1370 1369 1419
f 1420 1370 1419
f 1371 1370 1420
f 1421 1371 1420
f 1372 1371 1421
f 1422 1372 1421
f 1373 1372 1422
f 1423 1373 1422
f 1374 1373 1423
f 1424 1374 1423
f 1375 1374 1424
f 1425 1375 1424
f 1376 1375 1425
f 1426 1376 1425
f 1377 1376 1426
f 1427 1377 1426
f 1378 1377 1427
f 1428 1378 1427
f 1379 1378 1428
f 1429 1379 1428
f 1380 1379 1429
f 1430 1380 1429
f 1381 1380 1430
f 1431 1381 1430
f 1382 1381 1431
f 1432 1382 1431
f 1383 1382 1432
f 1433 1383 1432
f 1384 1383 1433
f 1434 1384 1433
f 1385 1384 1434
f 1435 1385 1434
f 1386 1385 1435
f 1436 1386 1435
f 1387 1386 1436
f 1437 1387 1436
f 1388 1387 1437
f 1438 1388 1437
f 1389 1388 1438
f 1439 1389 1438
f 1390 1389 1439
f 1440 1390 1439
f 1391 1390 1440
f 1441 1391 1440
f 1392 1391 1441
f 1442 1392 1441
f 1393 1392 1442
f 1443 1393 1442
f 1394 1393 1443
f 1444 1394 1443
f 1395 1394 1444
f 1445 1395 1444
f 1396 1395 1445
f 1446 1396 1445
f 1397 1396 1446
f 1447 1397 1446
f 1398 1397 1447
f 1448 1398 1447
f 1399 1398 1448
f 1449 1399 1448
f 1400 1399 1449
f 1450 1400 1449
f 1402 1401 1451
f 1452 1402 1451
f 1403 1402 1452
f 1453 1403 1452
f 1404 1403 1453
f 1454 1404 1453
f 1405 1404 1454
f 1455 1405 1454
f 1406 1405 1455
f 1456 1406 1455
f 1407 1406 1456
f 1457 1407 1456
f 1408 1407 1457
f 1458 1408 1457
f 1409 1408 1458
f 1459 1409 1458
f 1410 1409 1459
f 1460 1410 1459
f 1411 1410 1460
f 1461 1411 1460
f 1412 1411 1461
f 1462 1412 1461
f 1413 1412 1462
f 1463 1413 1462
f 1414 1413 1463
f 1464 1414 1463
f 1415 1414 1464
f 1465 1415 1464
f 1416 1415 1465
f 1466 1416 1465
f 1417 1416 1466
f 1467 1417 1466
f 1418 1417 1467
f 1468 1418 1467
f 1419 1418 1468
f 1469 1419 1468
f 1420 1419 1469
f 1470 1420 1469
f 1421 1420 1470
f 1471 1421 1470
f 1422 1421 1471
f 1472 1422 1471
f 1423 1422 1472
f 1473 1423 1472
f 1424 1423 1473
f 1474 1424 1473
f 1425 1424 1474
f 1475 1425 1474
f 1426 1425 1475
f 1476 1426 1475
f 1427 1426 1476
f 1477 1427 1476
f 1428 1427 1477
f 1478 1428 1477
f 1429 1428 1478
f 1479 1429 1478
f 1430 1429 1479
f 1480 1430 1479
f 1431 1430 1480
f 1481 1431 1480
f 1432 1431 1481
f 1482 1432 1481
f 1433 1432 1482
f 1483 1433 1482
f 1434 1433 1483
f 1484 1434 1483
f 1435 1434 1484
f 1485 1435 1484
f 1436 1435 1485
f 1486 1436 1485
f 1437 1436 1486
f 1487 1437 1486
f 1438 1437 1487
f 1488 1438 1487
f 1439 1438 1488
f 1489 1439 1488
f 1440 1439 1489
f 1490 1440 1489
f 1441 1440 1490
f 1491 1441 1490
f 1442 1441 1491
f 1492 1442 1491
f 1443 1442 1492
f 1493 1443 1492
f 1444 1443 1493
f 1494 1444 1493
f 1445 1444 1494
f 1495 1445 1494
f 1446 1445 1495
f 1496 1446 1495
f 1447 1446 1496
f 1497 1447 1496
f 1448 1447 1497
f 1498 1448 1497
f 1449 1448 1498
f 1499 1449 1498
f 1450 1449 1499
f 1500 1450 1499
f 1452 1451 1501
f 1502 1452 1501
f 1453 1452 1502
f 1503 1453 1502
f 1454 1453 1503
f 1504 1454 1503
f 1455 1454 1504
f 1505 1455 1504
f 1456 1455 1505
f 1506 1456 1505
f 1457 1456 1506
f 1507 1457 1506
f 1458 1457 1507
f 1508 1458 1507
f 1459 1458 1508
f 1509 1459 1508
f 1460 1459 1509
f 1510 1460 1509
f 1461 1460 1510
f 1511 1461 1510
f 1462 1461 1511
f 1512 1462 1511
f 1463 1462 1512
f 1513 1463 1512
f 1464 1463 1513
f 1514 1464 1513
f 1465 1464 1514
f 1515 1465 1514
f 1466 1465 1515
f 1516 1466 1515
f 1467 1466 1516
f 1517 1467 1516
f 1468 1467 1517
f 1518 1468 1517
f 1469 1468 1518
f 1519 1469 1518
f 1470 1469 1519
f 1520 1470 1519
f 1471 1470 1520
f 1521 1471 1520
f 1472 1471 1521
f 1522 1472 1521
f 1473 1472 1522
f 1523 1473 1522
f 1474 1473 1523
f 1524 1474 1523
f 1475 1474 1524
f 1525 1475 1524
f 1476 1475 1525
f 1526 1476 1525
f 1477 1476 1526
f 1527 1477 1526
f 1478 1477 1527
f 1528 1478 1527
f 1479 1478 1528
f 1529 1479 1528
f 1480 1479 1529
f 1530 1480 1529
f 1481 1480 1530
f 1531 1481 1530
f 1482 1481 1531
f 1532 1482 1531
f 1483 1482 1532
f 1533 1483 1532
f 1484 1483 1533
f 1534 1484 1533
f 1485 1484 1534
f 1535 1485 1534
f 1486 1485 1535
f 1536 1486 1535
f 1487 1486 1536
f 1537 1487 1536
f 1488 1487 1537
f 1538 1488 1537
f 1489 1488 1538
f 1539 1489 1538
f 1490 1489 1539
f 1540 1490 1539
f 1491 1490 1540
f 1541 1491 1540
f 1492 1491 1541
f 1542 1492 1541
f 1493 1492 1542
f 1543 1493 1542
f 1494 1493 1543
f 1544 1494 1543
f 1495 1494 1544
f 1545 1495 1544
f 1496 1495 1545
f 1546 1496 1545
f 1497 1496 1546
f 1547 1497 1546
f 1498 1497 1547
f 1548 1498 1547
f 1499 1498 1548
f 1549 1499 1548
f 1500 1499 1549
f 1550 1500 1549
f 1502 1501 1551
f 1552 1502 1551
f 1503 1502 1552
f 1553 1503 1552
f 1504 1503 1553
f 1554 1504 1553
f 1505 1504 1554
f 1555 1505 1554
f 1506 1505 1555
f 1556 1506 1555
f 1507 1506 1556
f 1557 1507 1556
f 1508 1507 1557
f 1558 1508 1557
f 1509 1508 1558
f 1559 1509 1558
f 1510 1509 1559
f 1560 1510 1559
f 1511 1510 1560
f 1561 1511 1560
f 1512 1511 1561
f 1562 1512 1561
f 1513 1512 1562
f 1563 1513 1562
f 1514 1513 1563
f 1564 1514 1563
f 1515 1514 1564
f 1565 1515 1564
f 1516 1515 1565
f 1566 1516 1565
f 1517 1516 1566
f 1567 1517 1566
f 1518 1517 1567
f 1568 1518 1567
f 1519 1518 1568
f 1569 1519 1568
f 1520 1519 1569
f 1570 1520 1569
f 1521 1520 1570
f 1571 1521 1570
f 1522 1521 1571
f 1572 1522 1571
f 1523 1522 1572
f 1573 1523 1572
f 1524 1523 1573
f 1574 1524 1573
f 1525 1524 1574
f 1575 1525 1574
f 1526 1525 1575
f 1576 1526 1575
f 1527 1526 1576
f 1577 1527 1576
f 1528 1527 1577
f 1578 1528 1577
f 1529 1528 1578
f 1579 1529 1578
f 1530 1529 1579
f 1580 1530 1579
f 1531 1530 1580
f 1581 1531 1580
f 1532 1531 1581
f 1582 1532 1581
f 1533 1532 1582
f 1583 1533 1582
f 1534 1533 1583
f 1584 1534 1583
f 1535 1534 1584
f 1585 1535 1584
f 1536 1535 1585
f 1586 1536 1585
f 1537 1536 1586
f 1587 1537 1586
f 1538 1537 1587
f 1588 1538 1587
f 1539 1538 1588
f 1589 1539 1588
f 1540 1539 1589
f 1590 1540 1589
f 1541 1540 1590
f 1591 1541 1590
f 1542 1541 1591
f 1592 1542 1591
f 1543 1542 1592
f 1593 1543 1592
f 1544 1543 1593
f 1594 1544 1593
f 1545 1544 1594
f 1595 1545 1594
f 1546 1545 1595
f 1596 1546 1595
f 1547 1546 1596
f 1597 1547 1596
f 1548 1547 1597
f 1598 1548 1597
f 1549 1548 1598
f 1599 1549 1598
f 1550 1549 1599
f 1600 1550 1599
f 1552 1551 1601
f 1602 1552 1601
f 1553 1552 1602
f 1603 1553 1602
f 1554 1553 1603
f 1604 1554 1603
f 1555 1554 1604
f 1605 1555 1604
f 1556 1555 1605
f 1606 1556 1605
f 1557 1556 1606
f 1607 1557 1606
f 1558 1557 1607
f 1608 1558 1607
f 1559 1558 1608
f 1609 1559 1608
f 1560 1559 1609
f 1610 1560 1609
f 1561 1560 1610
f 1611 1561 1610
f 1562 1561 1611
f 1612 1562 1611
f 1563 1562 1612
f 1613 1563 1612
f 1564 1563 1613
f 1614 1564 1613
f 1565 1564 1614
f 1615 1565 1614
f 1566 1565 1615
f 1616 1566 1615
f 1567 1566 1616
f 1617 1567 1616
f 1568 1567 1617
f 1618 1568 1617
f 1569 1568 1618
f 1619 1569 1618
f 1570 1569 1619
f 1620 1570 1619
f 1571 1570 1620
f 1621 1571 1620
f 1572 1571 1621
f 1622 1572 1621
f 1573 1572 1622
f 1623 1573 1622
f 1574 1573 1623
f 1624 1574 1623
f 1575 1574 1624
f 1625 1575 1624
f 1576 1575 1625
f 1626 1576 1625
f 1577 1576 1626
f 1627 1577 1626
f 1578 1577 1627
f 1628 1578 1627
f 1579 1578 1628
f 1629 1579 1628
f 1580 1579 1629
f 1630 1580 1629
f 1581 1580 1630
f 1631 1581 1630
f 1582 1581 1631
f 1632 1582 1631
f 1583 1582 1632
f 1633 1583 1632
f 1584 1583 1633
f 1634 1584 1633
f 1585 1584 1634
f 1635 1585 1634
f 1586 1585 1635
f 1636 1586 1635
f 1587 1586 1636
f 1637 1587 1636
f 1588 1587 1637
f 1638 1588 1637
f 1589 1588 1638
f 1639 1589 1638
f 1590 1589 1639
f 1640 1590 1639
f 1591 1590 1640
f 1641 1591 1640
f 1592 1591 1641
f 1642 1592 1641
f 1593 1592 1642
f 1643 1593 1642
f 1594 1593 1643
f 1644 1594 1643
f 1595 1594 1644
f 1645 1595 1644
f 1596 1595 1645
f 1646 1596 1645
f 1597 1596 1646
f 1647 1597 1646
f 1598 1597 1647
f 1648 1598 1647
f 1599 1598 1648
f 1649 1599 1648
f 1600 1599 1649
f 1650 1600 1649
f 1602 1601 1651
f 1652 1602 1651
f 1603 1602 1652
f 1653 1603 1652
f 1604 1603 1653
f 1654 1604 1653
f 1605 1604 1654
f 1655 1605 1654
f 1606 1605 1655
f 1656 1606 1655
f 1607 1606 1656
f 1657 1607 1656
f 1608 1607 1657
f 1658 1608 1657
f 1609 1608 1658
f 1659 1609 1658
f 1610 1609 1659
f 1660 1610 1659
f 1611 1610 1660
f 1661 1611 1660
f 1612 1611 1661
f 1662 1612 1661
f 1613 1612 1662
f 1663 1613 1662
f 1614 1613 1663
f 1664 1614 1663
f 1615 1614 1664
f 1665 1615 1664
f 1616 1615 1665
f 1666 1616 1665
f 1617 1616 1666
f 1667 1617 1666
f 1618 1617 1667
f 1668 1618 1667
f 1619 1618 1668
f 1669 1619 1668
f 1620 1619 1669
f 1670 1620 1669
f 1621 1620 1670
f 1671 1621 1670
f 1622 1621 1671
f 1672 1622 1671
f 1623 1622 1672
f 1673 1623 1672
f 1624 1623 1673
f 1674 1624 1673
f 1625 1624 1674
f 1675 1625 1674
f 1626 1625 1675
f 1676 1626 1675
f 1627 1626 1676
f 1677 1627 1676
f 1628 1627 1677
f 1678 1628 1677
f 1629 1628 1678
f 1679 1629 1678
f 1630 1629 1679
f 1680 1630 1679
f 1631 1630 1680
f 1681 1631 1680
f 1632 1631 1681
f 1682 1632 1681
f 1633 1632 1682
f 1683 1633 1682
f 1634 1633 1683
f 1684 1634 1683
f 1635 1634 1684
f 1685 1635 1684
f 1636 1635 1685
f 1686 1636 1685
f 1637 1636 1686
f 1687 1637 1686
f 1638 1637 1687
f 1688 1638 1687
f 1639 1638 1688
f 1689 1639 1688
f 1640 1639 1689
f 1690 1640 1689
f 1641 1640 1690
f 1691 1641 1690
f 1642 1641 1691
f 1692 1642 1691
f 1643 1642 1692
f 1693 1643 1692
f 1644 1643 1693
f 1694 1644 1693
f 1645 1644 1694
f 1695 1645 1694
f 1646 1645 1695
f 1696 1646 1695
f 1647 1646 1696
f 1697 1647 1696
f 1648 1647 1697
f 1698 1648 1697
f 1649 1648 1698
f 1699 1649 1698
f 1650 1649 1699
f 1700 1650 1699
f 1652 1651 1701
f 1702 1652 1701
f 1653 1652 1702
f 1703 1653 1702
f 1654 1653 1703
f 1704 1654 1703
f 1655 1654 1704
f 1705 1655 1704
f 1656 1655 1705
f 1706 1656 1705
f 1657 1656 1706
f 1707 1657 1706
f 1658 1657 1707
f 1708 1658 1707
f 1659 1658 1708
f 1709 1659 1708
f 1660 1659 1709
f 1710 1660 1709
f 1661 1660 1710
f 1711 1661 1710
f 1662 1661 1711
f 1712 1662 1711
f 1663 1662 1712
f 1713 1663 1712
f 1664 1663 1713
f 1714 1664 1713
f 1665 1664 1714
f 1715 1665 1714
f 1666 1665 1715
f 1716 1666 1715
f 1667 1666 1716
f 1717 1667 1716
f 1668 1667 1717
f 1718 1668 1717
f 1669 1668 1718
f 1719 1669 1718
f 1670 1669 1719
f 1720 1670 1719
f 1671 1670 1720
f 1721 1671 1720
f 1672 1671 1721
f 1722 1672 1721
f 1673 1672 1722
f 1723 1673 1722
f 1674 1673 1723
f 1724 1674 1723
f 1675 1674 1724
f 1725 1675 1724
f 1676 1675 1725
f 1726 1676 1725
f 1677 1676 1726
f 1727 1677 1726
f 1678 1677 1727
f 1728 1678 1727
f 1679 1678 1728
f 1729 1679 1728
f 1680 1679 1729
f 1730 1680 1729
f 1681 1680 1730
f 1731 1681 1730
f 1682 1681 1731
f 1732 1682 1731
f 1683 1682 1732
f 1733 1683 1732
f 1684 1683 1733
f 1734 1684 1733
f 1685 1684 1734
f 1735 1685 1734
f 1686 1685 1735
f 1736 1686 1735
f 1687 1686 1736
f 1737 1687 1736
f 1688 1687 1737
f 1738 1688 1737
f 1689 1688 1738
f 1739 1689 1738
f 1690 1689 1739
f 1740 1690 1739
f 1691 1690 1740
f 1741 1691 1740
f 1692 1691 1741
f 1742 1692 1741
f 1693 1692 1742
f 1743 1693 1742
f 1694 1693 1743
f 1744 1694 1743
f 1695 1694 1744
f 1745 1695 1744
f 1696 1695 1745
f 1746 1696 1745
f 1697 1696 1746
f 1747 1697 1746
f 1698 1697 1747
f 1748 1698 1747
f 1699 1698 1748
f 1749 1699 1748
f 1700 1699 1749
f 1750 1700 1749
f 1702 1701 1751
f 1752 1702 1751
f 1703 1702 1752
f 1753 1703 1752
f 1704 1703 1753
f 1754 1704 1753
f 1705 1704 1754
f 1755 1705 1754
f 1706 1705 1755
f 1756 1706 1755
f 1707 1706 1756
f 1757 1707 1756
f 1708 1707 1757
f 1758 1708 1757
f 1709 1708 1758
f 1759 1709 1758
f 1710 1709 1759
f 1760 1710 1759
f 1711 1710 1760
f 1761 1711 1760
f 1712 1711 1761
f 1762 1712 1761
f 1713 1712 1762
f 1763 1713 1762
f 1714 1713 1763
f 1764 1714 1763
f 1715 1714 1764
f 1765 1715 1764
f 1716 1715 1765
f 1766 1716 1765
f 1717 1716 1766
f 1767 1717 1766
f 1718 1717 1767
f 1768 1718 1767
f 1719 1718 1768
f 1769 1719 1768
f 1720 1719 1769
f 1770 1720 1769
f 1721 1720 1770
f 1771 1721 1770
f 1722 1721 1771
f 1772 1722 1771
f 1723 1722 1772
f 1773 1723 1772
f 1724 1723 1773
f 1774 1724 1773
f 1725 1724 1774
f 1775 1725 1774
f 1726 1725 1775
f 1776 1726 1775
f 1727 1726 1776
f 1777 1727 1776
f 1728 1727 1777
f 1778 1728 1777
f 1729 1728 1778
f 1779 1729 1778
f 1730 1729 1779
f 1780 1730 1779
f 1731 1730 1780
f 1781 1731 1780
f 1732 1731 1781
f 1782 1732 1781
f 1733 1732 1782
f 1783 1733 1782
f 1734 1733 1783
f 1784 1734 1783
f 1735 1734 1784
f 1785 1735 1784
f 1736 1735 1785
f 1786 1736 1785
f 1737 1736 1786
f 1787 1737 1786
f 1738 1737 1787
f 1788 1738 1787
f 1739 1738 1788
f 1789 1739 1788
f 1740 1739 1789
f 1790 1740 1789
f 1741 1740 1790
f 1791 1741 1790
f 1742 1741 1791
f 1792 1742 1791
f 1743 1742 1792
f 1793 1743 1792
f 1744 1743 1793
f 1794 1744 1793
f 1745 1744 1794
f 1795 1745 1794
f 1746 1745 1795
f 1796 1746 1795
f 1747 1746 1796
f 1797 1747 1796
f 1748 1747 1797
f 1798 1748 1797
f 1749 1748 1798
f 1799 1749 1798
f 1750 1749 1799
f 1800 1750 1799
f 1752 1751 1801
f 1802 1752 1801
f 1753 1752 1802
f 1803 1753 1802
f 1754 1753 1803
f 1804 1754 1803
f 1755 1754 1804
f 1805 1755 1804
f 1756 1755 1805
f 1806 1756 1805
f 1757 1756 1806
f 1807 1757 1806
f 1758 1757 1807
f 1808 1758 1807
f 1759 1758 1808
f 1809 1759 1808
f 1760 1759 1809
f 1810 1760 1809
f 1761 1760 1810
f 1811 1761 1810
f 1762 1761 1811
f 1812 1762 1811
f 1763 1762 1812
f 1813 1763 1812
f 1764 1763 1813
f 1814 1764 1813
f 1765 1764 1814
f 1815 1765 1814
f 1766 1765 1815
f 1816 1766 1815
f 1767 1766 1816
f 1817 1767 1816
f 1768 1767 1817
f 1818 1768 1817
f 1769 1768 1818
f 1819 1769 1818
f 1770 1769 1819
f 1820 1770 1819
f 1771 1770 1820
f 1821 1771 1820
f 1772 1771 1821
f 1822 1772 1821
f 1773 1772 1822
f 1823 1773 1822
f 1774 1773 1823
f 1824 1774 1823
f 1775 1774 1824
f 1825 1775 1824
f 1776 1775 1825
f 1826 1776 1825
f 1777 1776 1826
f 1827 1777 1826
f 1778 1777 1827
f 1828 1778 1827
f 1779 1778 1828
f 1829 1779 1828
f 1780 1779 1829
f 1830 1780 1829
f 1781 1780 1830
f 1831 1781 1830
f 1782 1781 1831
f 1832 1782 1831
f 1783 1782 1832
f 1833 1783 1832
f 1784 1783 1833
f 1834 1784 1833
f 1785 1784 1834
f 1835 1785 1834
f 1786 1785 1835
f 1836 1786 1835
f 1787 1786 1836
f 1837 1787 1836
f 1788 1787 1837
f 1838 1788 1837
f 1789 1788 1838
f 1839 1789 1838
f 1790 1789 1839
f 1840 1790 1839
f 1791 1790 1840
f 1841 1791 1840
f 1792 1791 1841
f 1842 1792 1841
f 1793 1792 1842
f 1843 1793 1842
f 1794 1793 1843
f 1844 1794 1843
f 1795 1794 1844
f 1845 1795 1844
f 1796 1795 1845
f 1846 1796 1845
f 1797 1796 1846
f 1847 1797 1846
f 1798 1797 1847
f 1848 1798 1847
f 1799 1798 1848
f 1849 1799 1848
f 1800 1799 1849
f 1850 1800 1849
f 1802 1801 1851
f 1852 1802 1851
f 1803 1802 1852
f 1853 1803 1852
f 1804 1803 1853
f 1854 1804 1853
f 1805 1804 1854
f 1855 1805 1854
f 1806 1805 1855
f 1856 1806 1855
f 1807 1806 1856
f 1857 1807 1856
f 1808 1807 1857
f 1858 1808 1857
f 1809 1808 1858
f 1859 1809 1858
f 1810 1809 1859
f 1860 1810 1859
f 1811 1810 1860
f 1861 1811 1860
f 1812 1811 1861
f 1862 1812 1861
f 1813 1812 1862
f 1863 1813 1862
f 1814 1813 1863
f 1864 1814 1863
f 1815 1814 1864
f 1865 1815 1864
f 1816 1815 1865
f 1866 1816 1865
f 1817 1816 1866
f 1867 1817 1866
f 1818 1817 1867
f 1868 1818 1867
f 1819 1818 1868
f 1869 1819 1868
f 1820 1819 1869
f 1870 1820 1869
f 1821 1820 1870
f 1871 1821 1870
f 1822 1821 1871
f 1872 1822 1871
f 1823 1822 1872
f 1873 1823 1872
f 1824 1823 1873
f 1874 1824 1873
f 1825 1824 1874
f 1875 1825 1874
f 1826 1825 1875
f 1876 1826 1875
f 1827 1826 1876
f 1877 1827 1876
f 1828 1827 1877
f 1878 1828 1877
f 1829 1828 1878
f 1879 1829 1878
f 1830 1829 1879
f 1880 1830 1879
f 1831 1830 1880
f 1881 1831 1880
f 1832 1831 1881
f 1882 1832 1881
f 1833 1832 1882
f 1883 1833 1882
f 1834 1833 1883
f 1884 1834 1883
f 1835 1834 1884
f 1885 1835 1884
f 1836 1835 1885
f 1886 1836 1885
f 1837 1836 1886
f 1887 1837 1886
f 1838 1837 1887
f 1888 1838 1887
f 1839 1838 1888
f 1889 1839 1888
f 1840 1839 1889
f 1890 1840 1889
f 1841 1840 1890
f 1891 1841 1890
f 1842 1841 1891
f 1892 1842 1891
f 1843 1842 1892
f 1893 1843 1892
f 1844 1843 1893
f 1894 1844 1893
f 1845 1844 1894
f 1895 1845 1894
f 1846 1845 1895
f 1896 1846 1895
f 1847 1846 1896
f 1897 1847 1896
f 1848 1847 1897
f 1898 1848 1897
f 1849 1848 1898
f 1899 1849 1898
f 1850 1849 1899
f 1900 1850 1899
f 1852 1851 1901
f 1902 1852 1901
f 1853 1852 1902
f 1903 1853 1902
f 1854 1853 1903
f 1904 1854 1903
f 1855 1854 1904
f 1905 1855 1904
f 1856 1855 1905
f 1906 1856 1905
f 1857 1856 1906
f 1907 1857 1906
f 1858 1857 1907
f 1908 1858 1907
f 1859 1858 1908
f 1909 1859 1908
f 1860 1859 1909
f 1910 1860 1909
f 1861 1860 1910
f 1911 1861 1910
f 1862 1861 1911
f 1912 1862 1911
f 1863 1862 1912
f 1913 1863 1912
f 1864 1863 1913
f 1914 1864 1913
f 1865 1864 1914
f 1915 1865 1914
f 1866 1865 1915
f 1916 1866 1915
f 1867 1866 1916
f 1917 1867 1916
f 1868 1867 1917
f 1918 1868 1917
f 1869 1868 1918
f 1919 1869 1918
f 1870 1869 1919
f 1920 1870 1919
f 1871 1870 1920
f 1921 1871 1920
f 1872 1871 1921
f 1922 1872 1921
f 1873 1872 1922
f 1923 1873 1922
f 1874 1873 1923
f 1924 1874 1923
f 1875 1874 1924
f 1925 1875 1924
f 1876 1875 1925
f 1926 1876 1925
f 1877 1876 1926
f 1927 1877 1926
f 1878 1877 1927
f 1928 1878 1927
f 1879 1878 1928
f 1929 1879 1928
f 1880 1879 1929
f 1930 1880 1929
f 1881 1880 1930
f 1931 1881 1930
f 1882 1881 1931
f 1932 1882 1931
f 1883 1882 1932
f 1933 1883 1932
f 1884 1883 1933
f 1934 1884 1933
f 1885 1884 1934
f 1935 1885 1934
f 1886 1885 1935
f 1936 1886 1935
f 1887 1886 1936
f 1937 1887 1936
f 1888 1887 1937
f 1938 1888 1937
f 1889 1888 1938
f 1939 1889 1938
f 1890 1889 1939
f 1940 1890 1939
f 1891 1890 1940
f 1941 1891 1940
f 1892 1891 1941
f 1942 1892 1941
f 1893 1892 1942
f 1943 1893 1942
f 1894 1893 1943
f 1944 1894 1943
f 1895 1894 1944
f 1945 1895 1944
f 1896 1895 1945
f 1946 1896 1945
f 1897 1896 1946
f 1947 1897 1946
f 1898 1897 1947
f 1948 1898 1947
f 1899 1898 1948
f 1949 1899 1948
f 1900 1899 1949
f 1950 1900 1949
f 1902 1901 1951
f 1952 1902 1951
f 1903 1902 1952
f 1953 1903 1952
f 1904 1903 1953
f 1954 1904 1953
f 1905 1904 1954
f 1955 1905 1954
f 1906 1905 1955
f 1956 1906 1955
f 1907 1906 1956
f 1957 1907 1956
f 1908 1907 1957
f 1958 1908 1957
f 1909 1908 1958
f 1959 1909 1958
f 1910 1909 1959
f 1960 1910 1959
f 1911 1910 1960
f 1961 1911 1960
f 1912 1911 1961
f 1962 1912 1961
f 1913 1912 1962
f 1963 1913 1962
f 1914 1913 1963
f 1964 1914 1963
f 1915 1914 1964
f 1965 1915 1964
f 1916 1915 1965
f 1966 1916 1965
f 1917 1916 1966
f 1967 1917 1966
f 1918 1917 1967
f 1968 1918 1967
f 1919 1918 1968
f 1969 1919 1968
f 1920 1919 1969
f 1970 1920 1969
f 1921 1920 1970
f 1971 1921 1970
f 1922 1921 1971
f 1972 1922 1971
f 1923 1922 1972
f 1973 1923 1972
f 1924 1923 1973
f 1974 1924 1973
f 1925 1924 1974
f 1975 1925 1974
f 1926 1925 1975
f 1976 1926 1975
f 1927 1926 1976
f 1977 1927 1976
f 1928 1927 1977
f 1978 1928 1977
f 1929 1928 1978
f 1979 1929 1978
f 1930 1929 1979
f 1980 1930 1979
f 1931 1930 1980
f 1981 1931 1980
f 1932 1931 1981
f 1982 1932 1981
f 1933 1932 1982
f 1983 1933 1982
f 1934 1933 1983
f 1984 1934 1983
f 1935 1934 1984
f 1985 1935 1984
f 1936 1935 1985
f 1986 1936 1985
f 1937 1936 1986
f 1987 1937 1986
f 1938 1937 1987
f 1988 1938 1987
f 1939 1938 1988
f 1989 1939 1988
f 1940 1939 1989
f 1990 1940 1989
f 1941 1940 1990
f 1991 1941 1990
f 1942 1941 1991
f 1992 1942 1991
f 1943 1942 1992
f 1993 1943 1992
f 1944 1943 1993
f 1994 1944 1993
f 1945 1944 1994
f 1995 1945 1994
f 1946 1945 1995
f 1996 1946 1995
f 1947 1946 1996
f 1997 1947 1996
f 1948 1947 1997
f 1998 1948 1997
f 1949 1948 1998
f 1999 1949 1998
f 1950 1949 1999
f 2000 1950 1999
f 1952 1951 2001
f 2002 1952 2001
f 1953 1952 2002
f 2003 1953 2002
f 1954 1953 2003
f 2004 1954 2003
f 1955 1954 2004
f 2005 1955 2004
f 1956 1955 2005
f 2006 1956 2005
f 1957 1956 2006
f 2007 1957 2006
f 1958 1957 2007
f 2008 1958 2007
f 1959 1958 2008
f 2009 1959 2008
f 1960 1959 2009
f 2010 1960 2009
f 1961 1960 2010
f 2011 1961 2010
f 1962 1961 2011
f 2012 1962 2011
f 1963 1962 2012
f 2013 1963 2012
f 1964 1963 2013
f 2014 1964 2013
f 1965 1964 2014
f 2015 1965 2014
f 1966 1965 2015
f 2016 1966 2015
f 1967 1966 2016
f 2017 1967 2016
f 1968 1967 2017
f 2018 1968 2017
f 1969 1968 2018
f 2019 1969 2018
f 1970 1969 2019
f 2020 1970 2019
f 1971 1970 2020
f 2021 1971 2020
f 1972 1971 2021
f 2022 1972 2021
f 1973 1972 2022
f 2023 1973 2022
f 1974 1973 2023
f 2024 1974 2023
f 1975 1974 2024
f 2025 1975 2024
f 1976 1975 2025
f 2026 1976 2025
f 1977 1976 2026
f 2027 1977 2026
f 1978 1977 2027
f 2028 1978 2027
f 1979 1978 2028
f 2029 1979 2028
f 1980 1979 2029
f 2030 1980 2029
f 1981 1980 2030
f 2031 1981 2030
f 1982 1981 2031
f 2032 1982 2031
f 1983 1982 2032
f 2033 1983 2032
f 1984 1983 2033
f 2034 1984 2033
f 1985 1984 2034
f 2035 1985 2034
f 1986 1985 2035
f 2036 1986 2035
f 1987 1986 2036
f 2037 1987 2036
f 1988 1987 2037
f 2038 1988 2037
f 1989 1988 2038
f 2039 1989 2038
f 1990 1989 2039
f 2040 1990 2039
f 1991 1990 2040
f 2041 1991 2040
f 1992 1991 2041
f 2042 1992 2041
f 1993 1992 2042
f 2043 1993 2042
f 1994 1993 2043
f 2044 1994 2043
f 1995 1994 2044
f 2045 1995 2044
f 1996 1995 2045
f 2046 1996 2045
f 1997 1996 2046
f 2047 1997 2046
f 1998 1997 2047
f 2048 1998 2047
f 1999 1998 2048
f 2049 1999 2048
f 2000 1999 2049
f 2050 2000 2049
f 2002 2001 2051
f 2052 2002 2051
f 2003 2002 2052
f 2053 2003 2052
f 2004 2003 2053
f 2054 2004 2053
f 2005 2004 2054
f 2055 2005 2054
f 2006 2005 2055
f 2056 2006 2055
f 2007 2006 2056
f 2057 2007 2056
f 2008 2007 2057
f 2058 2008 2057
f 2009 2008 2058
f 2059 2009 2058
f 2010 2009 2059
f 2060 2010 2059
f 2011 2010 2060
f 2061 2011 2060
f 2012 2011 2061
f 2062 2012 2061
f 2013 2012 2062
f 2063 2013 2062
f 2014 2013 2063
f 2064 2014 2063
f 2015 2014 2064
f 2065 2015 2064
f 2016 2015 2065
f 2066 2016 2065
f 2017 2016 2066
f 2067 2017 2066
f 2018 2017 2067
f 2068 2018 2067
f 2019 2018 2068
f 2069 2019 2068
f 2020 2019 2069
f 2070 2020 2069
f 2021 2020 2070
f 2071 2021 2070
f 2022 2021 2071
f 2072 2022 2071
f 2023 2022 2072
f 2073 2023 2072
f 2024 2023 2073
f 2074 2024 2073
f 2025 2024 2074
f 2075 2025 2074
f 2026 2025 2075
f 2076 2026 2075
f 2027 2026 2076
f 2077 2027 2076
f 2028 2027 2077
f 2078 2028 2077
f 2029 2028 2078
f 2079 2029 2078
f 2030 2029 2079
f 2080 2030 2079
f 2031 2030 2080
f 2081 2031 2080
f 2032 2031 2081
f 2082 2032 2081
f 2033 2032 2082
f 2083 2033 2082
f 2034 2033 2083
f 2084 2034 2083
f 2035 2034 2084
f 2085 2035 2084
f 2036 2035 2085
f 2086 2036 2085
f 2037 2036 2086
f 2087 2037 2086
f 2038 2037 2087
f 2088 2038 2087
f 2039 2038 2088
f 2089 2039 2088
f 2040 2039 2089
f 2090 2040 2089
f 2041 2040 2090
f 2091 2041 2090
f 2042 2041 2091
f 2092 2042 2091
f 2043 2042 2092
f 2093 2043 2092
f 2044 2043 2093
f 2094 2044 2093
f 2045 2044 2094
f 2095 2045 2094
f 2046 2045 2095
f 2096 2046 2095
f 2047 2046 2096
f 2097 2047 2096
f 2048 2047 2097
f 2098 2048 2097
f 2049 2048 2098
f 2099 2049 2098
f 2050 2049 2099
f 2100 2050 2099
f 2052 2051 2101
f 2102 2052 2101
f 2053 2052 2102
f 2103 2053 2102
f 2054 2053 2103
f 2104 2054 2103
f 2055 2054 2104
f 2105 2055 2104
f 2056 2055 2105
f 2106 2056 2105
f 2057 2056 2106
f 2107 2057 2106
f 2058 2057 2107
f 2108 2058 2107
f 2059 2058 2108
f 2109 2059 2108
f 2060 2059 2109
f 2110 2060 2109
f 2061 2060 2110
f 2111 2061 2110
f 2062 2061 2111
f 2112 2062 2111
f 2063 2062 2112
f 2113 2063 2112
f 2064 2063 2113
f 2114 2064 2113
f 2065 2064 2114
f 2115 2065 2114
f 2066 2065 2115
f 2116 2066 2115
f 2067 2066 2116
f 2117 2067 2116
f 2068 2067 2117
f 2118 2068 2117
f 2069 2068 2118
f 2119 2069 2118
f 2070 2069 2119
f 2120 2070 2119
f 2071 2070 2120
f 2121 2071 2120
f 2072 2071 2121
f 2122 2072 2121
f 2073 2072 2122
f 2123 2073 2122
f 2074 2073 2123
f 2124 2074 2123
f 2075 2074 2124
f 2125 2075 2124
f 2076 2075 2125
f 2126 2076 2125
f 2077 2076 2126
f 2127 2077 2126
f 2078 2077 2127
f 2128 2078 2127
f 2079 2078 2128
f 2129 2079 2128
f 2080 2079 2129
f 2130 2080 2129
f 2081 2080 2130
f 2131 2081 2130
f 2082 2081 2131
f 2132 2082 2131
f 2083 2082 2132
f 2133 2083 2132
f 2084 2083 2133
f 2134 2084 2133
f 2085 2084 2134
f 2135 2085 2134
f 2086 2085 2135
f 2136 2086 2135
f 2087 2086 2136
f 2137 2087 2136
f 2088 2087 2137
f 2138 2088 2137
f 2089 2088 2138
f 2139 2089 2138
f 2090 2089 2139
f 2140 2090 2139
f 2091 2090 2140
f 2141 2091 2140
f 2092 2091 2141
f 2142 2092 2141
f 2093 2092 2142
f 2143 2093 2142
f 2094 2093 2143
f 2144 2094 2143
f 2095 2094 2144
f 2145 2095 2144
f 2096 2095 2145
f 2146 2096 2145
f 2097 2096 2146
f 2147 2097 2146
f 2098 2097 2147
f 2148 2098 2147
f 2099 2098 2148
f 2149 2099 2148
f 2100 2099 2149
f 2150 2100 2149
f 2102 2101 2151
f 2152 2102 2151
f 2103 2102 2152
f 2153 2103 2152
f 2104 2103 2153
f 2154 2104 2153
f 2105 2104 2154
f 2155 2105 2154
f 2106 2105 2155
f 2156 2106 2155
f 2107 2106 2156
f 2157 2107 2156
f 2108 2107 2157
f 2158 2108 2157
f 2109 2108 2158
f 2159 2109 2158
f 2110 2109 2159
f 2160 2110 2159
f 2111 2110 2160
f 2161 2111 2160
f 2112 2111 2161
f 2162 2112 2161
f 2113 2112 2162
f 2163 2113 2162
f 2114 2113 2163
f 2164 2114 2163
f 2115 2114 2164
f 2165 2115 2164
f 2116 2115 2165
f 2166 2116 2165
f 2117 2116 2166
f 2167 2117 2166
f 2118 2117 2167
f 2168 2118 2167
f 2119 2118 2168
f 2169 2119 2168
f 2120 2119 2169
f 2170 2120 2169
f 2121 2120 2170
f 2171 2121 2170
f 2122 2121 2171
f 2172 2122 2171
f 2123 2122 2172
f 2173 2123 2172
f 2124 2123 2173
f 2174 2124 2173
f 2125 2124 2174
f 2175 2125 2174
f 2126 2125 2175
f 2176 2126 2175
f 2127 2126 2176
f 2177 2127 2176
f 2128 2127 2177
f 2178 2128 2177
f 2129 2128 2178
f 2179 2129 2178
f 2130 2129 2179
f 2180 2130 2179
f 2131 2130 2180
f 2181 2131 2180
f 2132 2131 2181
f 2182 2132 2181
f 2133 2132 2182
f 2183 2133 2182
f 2134 2133 2183
f 2184 2134 2183
f 2135 2134 2184
f 2185 2135 2184
f 2136 2135 2185
f 2186 2136 2185
f 2137 2136 2186
f 2187 2137 2186
f 2138 2137 2187
f 2188 2138 2187
f 2139 2138 2188
f 2189 2139 2188
f 2140 2139 2189
f 2190 2140 2189
f 2141 2140 2190
f 2191 2141 2190
f 2142 2141 2191
f 2192 2142 2191
f 2143 2142 2192
f 2193 2143 2192
f 2144 2143 2193
f 2194 2144 2193
f 2145 2144 2194
f 2195 2145 2194
f 2146 2145 2195
f 2196 2146 2195
f 2147 2146 2196
f 2197 2147 2196
f 2148 2147 2197
f 2198 2148 2197
f 2149 2148 2198
f 2199 2149 2198
f 2150 2149 2199
f 2200 2150 2199
f 2152 2151 2201
f 2202 2152 2201
f 2153 2152 2202
f 2203 2153 2202
f 2154 2153 2203
f 2204 2154 2203
f 2155 2154 2204
f 2205 2155 2204
f 2156 2155 2205
f 2206 2156 2205
f 2157 2156 2206
f 2207 2157 2206
f 2158 2157 2207
f 2208 2158 2207
f 2159 2158 2208
f 2209 2159 2208
f 2160 2159 2209
f 2210 2160 2209
f 2161 2160 2210
f 2211 2161 2210
f 2162 2161 2211
f 2212 2162 2211
f 2163 2162 2212
f 2213 2163 2212
f 2164 2163 2213
f 2214 2164 2213
f 2165 2164 2214
f 2215 2165 2214
f 2166 2165 2215
f 2216 2166 2215
f 2167 2166 2216
f 2217 2167 2216
f 2168 2167 2217
f 2218 2168 2217
f 2169 2168 2218
f 2219 2169 2218
f 2170 2169 2219
f 2220 2170 2219
f 2171 2170 2220
f 2221 2171 2220
f 2172 2171 2221
f 2222 2172 2221
f 2173 2172 2222
f 2223 2173 2222
f 2174 2173 2223
f 2224 2174 2223
f 2175 2174 2224
f 2225 2175 2224
f 2176 2175 2225
f 2226 2176 2225
f 2177 2176 2226
f 2227 2177 2226
f 2178 2177 2227
f 2228 2178 2227
f 2179 2178 2228
f 2229 2179 2228
f 2180 2179 2229
f 2230 2180 2229
f 2181 2180 2230
f 2231 2181 2230
f 2182 2181 2231
f 2232 2182 2231
f 2183 2182 2232
f 2233 2183 2232
f 2184 2183 2233
f 2234 2184 2233
f 2185 2184 2234
f 2235 2185 2234
f 2186 2185 2235
f 2236 2186 2235
f 2187 2186 2236
f 2237 2187 2236
f 2188 2187 2237
f 2238 2188 2237
f 2189 2188 2238
f 2239 2189 2238
f 2190 2189 2239
f 2240 2190 2239
f 2191 2190 2240
f 2241 2191 2240
f 2192 2191 2241
f 2242 2192 2241
f 2193 2192 2242
f 2243 2193 2242
f 2194 2193 2243
f 2244 2194 2243
f 2195 2194 2244
f 2245 2195 2244
f 2196 2195 2245
f 2246 2196 2245
f 2197 2196 2246
f 2247 2197 2246
f 2198 2197 2247
f 2248 2198 2247
f 2199 2198 2248
f 2249 2199 2248
f 2200 2199 2249
f 2250 2200 2249
f 2202 2201 2251
f 2252 2202 2251
f 2203 2202 2252
f 2253 2203 2252
f 2204 2203 2253
f 2254 2204 2253
f 2205 2204 2254
f 2255 2205 2254
f 2206 2205 2255
f 2256 2206 2255
f 2207 2206 2256
f 2257 2207 2256
f 2208 2207 2257
f 2258 2208 2257
f 2209 2208 2258
f 2259 2209 2258
f 2210 2209 2259
f 2260 2210 2259
f 2211 2210 2260
f 2261 2211 2260
f 2212 2211 2261
f 2262 2212 2261
f 2213 2212 2262
f 2263 2213 2262
f 2214 2213 2263
f 2264 2214 2263
f 2215 2214 2264
f 2265 2215 2264
f 2216 2215 2265
f 2266 2216 2265
f 2217 2216 2266
f 2267 2217 2266
f 2218 2217 2267
f 2268 2218 2267
f 2219 2218 2268
f 2269 2219 2268
f 2220 2219 2269
f 2270 2220 2269
f 2221 2220 2270
f 2271 2221 2270
f 2222 2221 2271
f 2272 2222 2271
f 2223 2222 2272
f 2273 2223 2272
f 2224 2223 2273
f 2274 2224 2273
f 2225 2224 2274
f 2275 2225 2274
f 2226 2225 2275
f 2276 2226 2275
f 2227 2226 2276
f 2277 2227 2276
f 2228 2227 2277
f 2278 2228 2277
f 2229 2228 2278
f 2279 2229 2278
f 2230 2229 2279
f 2280 2230 2279
f 2231 2230 2280
f 2281 2231 2280
f 2232 2231 2281
f 2282 2232 2281
f 2233 2232 2282
f 2283 2233 2282
f 2234 2233 2283
f 2284 2234 2283
f 2235 2234 2284
f 2285 2235 2284
f 2236 2235 2285
f 2286 2236 2285
f 2237 2236 2286
f 2287 2237 2286
f 2238 2237 2287
f 2288 2238 2287
f 2239 2238 2288
f 2289 2239 2288
f 2240 2239 2289
f 2290 2240 2289
f 2241 2240 2290
f 2291 2241 2290
f 2242 2241 2291
f 2292 2242 2291
f 2243 2242 2292
f 2293 2243 2292
f 2244 2243 2293
f 2294 2244 2293
f 2245 2244 2294
f 2295 2245 2294
f 2246 2245 2295
f 2296 2246 2295
f 2247 2246 2296
f 2297 2247 2296
f 2248 2247 2297
f 2298 2248 2297
f 2249 2248 2298
f 2299 2249 2298
f 2250 2249 2299
f 2300 2250 2299
f 2252 2251 2301
f 2302 2252 2301
f 2253 2252 2302
f 2303 2253 2302
f 2254 2253 2303
f 2304 2254 2303
f 2255 2254 2304
f 2305 2255 2304
f 2256 2255 2305
f 2306 2256 2305
f 2257 2256 2306
f 2307 2257 2306
f 2258 2257 2307
f 2308 2258 2307
f 2259 2258 2308
f 2309 2259 2308
f 2260 2259 2309
f 2310 2260 2309
f 2261 2260 2310
f 2311 2261 2310
f 2262 2261 2311
f 2312 2262 2311
f 2263 2262 2312
f 2313 2263 2312
f 2264 2263 2313
f 2314 2264 2313
f 2265 2264 2314
f 2315 2265 2314
f 2266 2265 2315
f 2316 2266 2315
f 2267 2266 2316
f 2317 2267 2316
f 2268 2267 2317
f 2318 2268 2317
f 2269 2268 2318
f 2319 2269 2318
f 2270 2269 2319
f 2320 2270 2319
f 2271 2270 2320
f 2321 2271 2320
f 2272 2271 2321
f 2322 2272 2321
f 2273 2272 2322
f 2323 2273 2322
f 2274 2273 2323
f 2324 2274 2323
f 2275 2274 2324
f 2325 2275 2324
f 2276 2275 2325
f 2326 2276 2325
f 2277 2276 2326
f 2327 2277 2326
f 2278 2277 2327
f 2328 2278 2327
f 2279 2278 2328
f 2329 2279 2328
f 2280 2279 2329
f 2330 2280 2329
f 2281 2280 2330
f 2331 2281 2330
f 2282 2281 2331
f 2332 2282 2331
f 2283 2282 2332
f 2333 2283 2332
f 2284 2283 2333
f 2334 2284 2333
f 2285 2284 2334
f 2335 2285 2334
f 2286 2285 2335
f 2336 2286 2335
f 2287 2286 2336
f 2337 2287 2336
f 2288 2287 2337
f 2338 2288 2337
f 2289 2288 2338
f 2339 2289 2338
f 2290 2289 2339
f 2340 2290 2339
f 2291 2290 2340
f 2341 2291 2340
f 2292 2291 2341
f 2342 2292 2341
f 2293 2292 2342
f 2343 2293 2342
f 2294 2293 2343
f 2344 2294 2343
f 2295 2294 2344
f 2345 2295 2344
f 2296 2295 2345
f 2346 2296 2345
f 2297 2296 2346
f 2347 2297 2346
f 2298 2297 2347
f 2348 2298 2347
f 2299 2298 2348
f 2349 2299 2348
f 2300 2299 2349
f 2350 2300 2349
f 2302 2301 2351
f 2352 2302 2351
f 2303 2302 2352
f 2353 2303 2352
f 2304 2303 2353
f 2354 2304 2353
f 2305 2304 2354
f 2355 2305 2354
f 2306 2305 2355
f 2356 2306 2355
f 2307 2306 2356
f 2357 2307 2356
f 2308 2307 2357
f 2358 2308 2357
f 2309 2308 2358
f 2359 2309 2358
f 2310 2309 2359
f 2360 2310 2359
f 2311 2310 2360
f 2361 2311 2360
f 2312 2311 2361
f 2362 2312 2361
f 2313 2312 2362
f 2363 2313 2362
f 2314 2313 2363
f 2364 2314 2363
f 2315 2314 2364
f 2365 2315 2364
f 2316 2315 2365
f 2366 2316 2365
f 2317 2316 2366
f 2367 2317 2366
f 2318 2317 2367
f 2368 2318 2367
f 2319 2318 2368
f 2369 2319 2368
f 2320 2319 2369
f 2370 2320 2369
f 2321 2320 2370
f 2371 2321 2370
f 2322 2321 2371
f 2372 2322 2371
f 2323 2322 2372
f 2373 2323 2372
f 2324 2323 2373
f 2374 2324 2373
f 2325 2324 2374
f 2375 2325 2374
f 2326 2325 2375
f 2376 2326 2375
f 2327 2326 2376
f 2377 2327 2376
f 2328 2327 2377
f 2378 2328 2377
f 2329 2328 2378
f 2379 2329 2378
f 2330 2329 2379
f 2380 2330 2379
f 2331 2330 2380
f 2381 2331 2380
f 2332 2331 2381
f 2382 2332 2381
f 2333 2332 2382
f 2383 2333 2382
f 2334 2333 2383
f 2384 2334 2383
f 2335 2334 2384
f 2385 2335 2384
f 2336 2335 2385
f 2386 2336 2385
f 2337 2336 2386
f 2387 2337 2386
f 2338 2337 2387
f 2388 2338 2387
f 2339 2338 2388
f 2389 2339 2388
f 2340 2339 2389
f 2390 2340 2389
f 2341 2340 2390
f 2391 2341 2390
f 2342 2341 2391
f 2392 2342 2391
f 2343 2342 2392
f 2393 2343 2392
f 2344 2343 2393
f 2394 2344 2393
f 2345 2344 2394
f 2395 2345 2394
f 2346 2345 2395
f 2396 2346 2395
f 2347 2346 2396
f 2397 2347 2396
f 2348 2347 2397
f 2398 2348 2397
f 2349 2348 2398
f 2399 2349 2398
f 2350 2349 2399
f 2400 2350 2399
f 2352 2351 2401
f 2402 2352 2401
f 2353 2352 2402
f 2403 2353 2402
f 2354 2353 2403
f 2404 2354 2403
f 2355 2354 2404
f 2405 2355 2404
f 2356 2355 2405
f 2406 2356 2405
f 2357 2356 2406
f 2407 2357 2406
f 2358 2357 2407
f 2408 2358 2407
f 2359 2358 2408
f 2409 2359 2408
f 2360 2359 2409
f 2410 2360 2409
f 2361 2360 2410
f 2411 2361 2410
f 2362 2361 2411
f 2412 2362 2411
f 2363 2362 2412
f 2413 2363 2412
f 2364 2363 2413
f 2414 2364 2413
f 2365 2364 2414
f 2415 2365 2414
f 2366 2365 2415
f 2416 2366 2415
f 2367 2366 2416
f 2417 2367 2416
f 2368 2367 2417
f 2418 2368 2417
f 2369 2368 2418
f 2419 2369 2418
f 2370 2369 2419
f 2420 2370 2419
f 2371 2370 2420
f 2421 2371 2420
f 2372 2371 2421
f 2422 2372 2421
f 2373 2372 2422
f 2423 2373 2422
f 2374 2373 2423
f 2424 2374 2423
f 2375 2374 2424
f 2425 2375 2424
f 2376 2375 2425
f 2426 2376 2425
f 2377 2376 2426
f 2427 2377 2426
f 2378 2377 2427
f 2428 2378 2427
f 2379 2378 2428
f 2429 2379 2428
f 2380 2379 2429
f 2430 2380 2429
f 2381 2380 2430
f 2431 2381 2430
f 2382 2381 2431
f 2432 2382 2431
f 2383 2382 2432
f 2433 2383 2432
f 2384 2383 2433
f 2434 2384 2433
f 2385 2384 2434
f 2435 2385 2434
f 2386 2385 2435
f 2436 2386 2435
f 2387 2386 2436
f 2437 2387 2436
f 2388 2387 2437
f 2438 2388 2437
f 2389 2388 2438
f 2439 2389 2438
f 2390 2389 2439
f 2440 2390 2439
f 2391 2390 2440
f 2441 2391 2440
f 2392 2391 2441
f 2442 2392 2441
f 2393 2392 2442
f 2443 2393 2442
f 2394 2393 2443
f 2444 2394 2443
f 2395 2394 2444
f 2445 2395 2444
f 2396 2395 2445
f 2446 2396 2445
f 2397 2396 2446
f 2447 2397 2446
f 2398 2397 2447
f 2448 2398 2447
f 2399 2398 2448
f 2449 2399 2448
f 2400 2399 2449
f 2450 2400 2449
f 2402 2401 2451
f 2452 2402 2451
f 2403 2402 2452
f 2453 2403 2452
f 2404 2403 2453
f 2454 2404 2453
f 2405 2404 2454
f 2455 2405 2454
f 2406 2405 2455
f 2456 2406 2455
f 2407 2406 2456
f 2457 2407 2456
f 2408 2407 2457
f 2458 2408 2457
f 2409 2408 2458
f 2459 2409 2458
f 2410 2409 2459
f 2460 2410 2459
f 2411 2410 2460
f 2461 2411 2460
f 2412 2411 2461
f 2462 2412 2461
f 2413 2412 2462
f 2463 2413 2462
f 2414 2413 2463
f 2464 2414 2463
f 2415 2414 2464
f 2465 2415 2464
f 2416 2415 2465
f 2466 2416 2465
f 2417 2416 2466
f 2467 2417 2466
f 2418 2417 2467
f 2468 2418 2467
f 2419 2418 2468
f 2469 2419 2468
f 2420 2419 2469
f 2470 2420 2469
f 2421 2420 2470
f 2471 2421 2470
f 2422 2421 2471
f 2472 2422 2471
f 2423 2422 2472
f 2473 2423 2472
f 2424 2423 2473
f 2474 2424 2473
f 2425 2424 2474
f 2475 2425 2474
f 2426 2425 2475
f 2476 2426 2475
f 2427 2426 2476
f 2477 2427 2476
f 2428 2427 2477
f 2478 2428 2477
f 2429 2428 2478
f 2479 2429 2478
f 2430 2429 2479
f 2480 2430 2479
f 2431 2430 2480
f 2481 2431 2480
f 2432 2431 2481
f 2482 2432 2481
f 2433 2432 2482
f 2483 2433 2482
f 2434 2433 2483
f 2484 2434 2483
f 2435 2434 2484
f 2485 2435 2484
f 2436 2435 2485
f 2486 2436 2485
f 2437 2436 2486
f 2487 2437 2486
f 2438 2437 2487
f 2488 2438 2487
f 2439 2438 2488
f 2489 2439 2488
f 2440 2439 2489
f 2490 2440 2489
f 2441 2440 2490
f 2491 2441 2490
f 2442 2441 2491
f 2492 2442 2491
f 2443 2442 2492
f 2493 2443 2492
f 2444 2443 2493
f 2494 2444 2493
f 2445 2444 2494
f 2495 2445 2494
f 2446 2445 2495
f 2496 2446 2495
f 2447 2446 2496
f 2497 2447 2496
f 2448 2447 2497
f 2498 2448 2497
f 2449 2448 2498
f 2499 2449 2498
f 2450 2449 2499
f 2500 2450 2499
f 2501 2503 2502
f 2504 2505 2506
f 2501 2505 2504
f 2505 2501 2502
f 2502 2506 2505
f 2506 2502 2503
f 2503 2504 2506
f 2504 2503 2501
f 2507 2509 2508
f 2510 2511 2512
f 2507 2511 2510
f 2511 2507 2508
f 2508 2512 2511
f 2512 2508 2509
f 2509 2510 2512
f 2510 2509 2507
f 2513 2515 2514
f 2516 2517 2518
f 2513 2517 2516
f 2517 2513 2514
f 2514 2518 2517
f 2518 2514 2515
f 2515 2516 2518
f 2516 2515 2513
f 2519 2521 2520
f 2522 2523 2524
f 2519 2523 2522
f 2523 2519 2520
f 2520 2524 2523
f 2524 2520 2521
f 2521 2522 2524
f 2522 2521 2519
f 2525 2527 2526
f 2528 2529 2530
f 2525 2529 2528
f 2529 2525 2526
f 2526 2530 2529
f 2530 2526 2527
f 2527 2528 2530
f 2528 2527 2525
f 2531 2533 2532
f 2534 2535 2536
f 2531 2535 2534
f 2535 2531 2532
f 2532 2536 2535
f 2536 2532 2533
f 2533 2534 2536
f 2534 2533 2531
f 2537 2539 2538
f 2540 2541 2542
f 2537 2541 2540
f 2541 2537 2538
f 2538 2542 2541
f 2542 2538 2539
f 2539 2540 2542
f 2540 2539 2537
f 2543 2545 2544
f 2546 2547 2548
f 2543 2547 2546
f 2547 2543 2544
f 2544 2548 2547
f 2548 2544 2545
f 2545 2546 2548
f 2546 2545 2543
f 2549 2551 2550
f 2552 2553 2554
f 2549 2553 2552
f 2553 2549 2550
f 2550 2554 2553
f 2554 2550 2551
f 2551 2552 2554
f 2552 2551 2549
f 2555 2557 2556
f 2558 2559 2560
f 2555 2559 2558
f 2559 2555 2556
f 2556 2560 2559
f 2560 2556 2557
f 2557 2558 2560
f 2558 2557 2555
f 2561 2563 2562
f 2564 2565 2566
f 2561 2565 2564
f 2565 2561 2562
f 2562 2566 2565
f 2566 2562 2563
f 2563 2564 2566
f 2564 2563 2561
f 2567 2569 2568
f 2570 2571 2572
f 2567 2571 2570
f 2571 2567 2568
f 2568 2572 2571
f 2572 2568 2569
f 2569 2570 2572
f 2570 2569 2567
f 2573 2575 2574
f 2576 2577 2578
f 2573 2577 2576
f 2577 2573 2574
f 2574 2578 2577
f 2578 2574 2575
f 2575 2576 2578
f 2576 2575 2573
f 2579 2581 2580
f 2582 2583 2584
f 2579 2583 2582
f 2583 2579 2580
f 2580 2584 2583
f 2584 2580 2581
f 2581 2582 2584
f 2582 2581 2579
f 2585 2587 2586
f 2588 2589 2590
f 2585 2589 2588
f 2589 2585 2586
f 2586 2590 2589
f 2590 2586 2587
f 2587 2588 2590
f 2588 2587 2585
f 2591 2593 2592
f 2594 2595 2596
f 2591 2595 2594
f 2595 2591 2592
f 2592 2596 2595
f 2596 2592 2593
f 2593 2594 2596
f 2594 2593 2591
f 2597 2599 2598
f 2600 2601 2602
f 2597 2601 2600
f 2601 2597 2598
f 2598 2602 2601
f 2602 2598 2599
f 2599 2600 2602
f 2600 2599 2597
f 2603 2605 2604
f 2606 2607 2608
f 2603 2607 2606
f 2607 2603 2604
f 2604 2608 2607
f 2608 2604 2605
f 2605 2606 2608
f 2606 2605 2603
f 2609 2611 2610
f 2612 2613 2614
f 2609 2613 2612
f 2613 2609 2610
f 2610 2614 2613
f 2614 2610 2611
f 2611 2612 2614
f 2612 2611 2609
f 2615 2617 2616
f 2618 2619 2620
f 2615 2619 2618
f 2619 2615 2616
f 2616 2620 2619
f 2620 2616 2617
f 2617 2618 2620
f 2618 2617 2615
f 2621 2623 2622
f 2624 2625 2626
f 2621 2625 2624
f 2625 2621 2622
f 2622 2626 2625
f 2626 2622 2623
f 2623 2624 2626
f 2624 2623 2621
f 2627 2629 2628
f 2630 2631 2632
f 2627 2631 2630
f 2631 2627 2628
f 2628 2632 2631
f 2632 2628 2629
f 2629 2630 2632
f 2630 2629 2627
f 2633 2635 2634
f 2636 2637 2638
f 2633 2637 2636
f 2637 2633 2634
f 2634 2638 2637
f 2638 2634 2635
f 2635 2636 2638
f 2636 2635 2633
f 2639 2641 2640
f 2642 2643 2644
f 2639 2643 2642
f 2643 2639 2640
f 2640 2644 2643
f 2644 2640 2641
f 2641 2642 2644
f 2642 2641 2639
f 2645 2647 2646
f 2648 2649 2650
f 2645 2649 2648
f 2649 2645 2646
f 2646 2650 2649
f 2650 2646 2647
f 2647 2648 2650
f 2648 2647 2645
f 2651 2653 2652
f 2654 2655 2656
f 2651 2655 2654
f 2655 2651 2652
f 2652 2656 2655
f 2656 2652 2653
f 2653 2654 2656
f 2654 2653 2651
f 2657 2659 2658
f 2660 2661 2662
f 2657 2661 2660
f 2661 2657 2658
f 2658 2662 2661
f 2662 2658 2659
f 2659 2660 2662
f 2660 2659 2657
f 2663 2665 2664
f 2666 2667 2668
f 2663 2667 2666
f 2667 2663 2664
f 2664 2668 2667
f 2668 2664 2665
f 2665 2666 2668
f 2666 2665 2663
f 2669 2671 2670
f 2672 2673 2674
f 2669 2673 2672
f 2673 2669 2670
f 2670 2674 2673
f 2674 2670 2671
f 2671 2672 2674
f 2672 2671 2669
f 2675 2677 2676
f 2678 2679 2680
f 2675 2679 2678
f 2679 2675 2676
f 2676 2680 2679
f 2680 2676 2677
f 2677 2678 2680
f 2678 2677 2675
f 2681 2683 2682
f 2684 2685 2686
f 2681 2685 2684
f 2685 2681 2682
f 2682 2686 2685
f 2686 2682 2683
f 2683 2684 2686
f 2684 2683 2681
f 2687 2689 2688
f 2690 2691 2692
f 2687 2691 2690
f 2691 2687 2688
f 2688 2692 2691
f 2692 2688 2689
f 2689 2690 2692
f 2690 2689 2687
f 2693 2695 2694
f 2696 2697 2698
f 2693 2697 2696
f 2697 2693 2694
f 2694 2698 2697
f 2698 2694 2695
f 2695 2696 2698
f 2696 2695 2693
f 2699 2701 2700
f 2702 2703 2704
f 2699 2703 2702
f 2703 2699 2700
f 2700 2704 2703
f 2704 2700 2701
f 2701 2702 2704
f 2702 2701 2699
f 2705 2707 2706
f 2708 2709 2710
f 2705 2709 2708
f 2709 2705 2706
f 2706 2710 2709
f 2710 2706 2707
f 2707 2708 2710
f 2708 2707 2705
f 2711 2713 2712
f 2714 2715 2716
f 2711 2715 2714
f 2715 2711 2712
f 2712 2716 2715
f 2716 2712 2713
f 2713 2714 2716
f 2714 2713 2711
f 2717 2719 2718
f 2720 2721 2722
f 2717 2721 2720
f 2721 2717 2718
f 2718 2722 2721
f 2722 2718 2719
f 2719 2720 2722
f 2720 2719 2717
f 2723 2725 2724
f 2726 2727 2728
f 2723 2727 2726
f 2727 2723 2724
f 2724 2728 2727
f 2728 2724 2725
f 2725 2726 2728
f 2726 2725 2723
f 2729 2731 2730
f 2732 2733 2734
f 2729 2733 2732
f 2733 2729 2730
f 2730 2734 2733
f 2734 2730 2731
f 2731 2732 2734
f 2732 2731 2729
f 2735 2737 2736
f 2738 2739 2740
f 2735 2739 2738
f 2739 2735 2736
f 2736 2740 2739
f 2740 2736 2737
f 2737 2738 2740
f 2738 2737 2735
f 2741 2743 2742
f 2744 2745 2746
f 2741 2745 2744
f 2745 2741 2742
f 2742 2746 2745
f 2746 2742 2743
f 2743 2744 2746
f 2744 2743 2741
f 2747 2749 2748
f 2750 2751 2752
f 2747 2751 2750
f 2751 2747 2748
f 2748 2752 2751
f 2752 2748 2749
f 2749 2750 2752
f 2750 2749 2747
f 2753 2755 2754
f 2756 2757 2758
f 2753 2757 2756
f 2757 2753 2754
f 2754 2758 2757
f 2758 2754 2755
f 2755 2756 2758
f 2756 2755 2753
f 2759 2761 2760
f 2762 2763 2764
f 2759 2763 2762
f 2763 2759 2760
f 2760 2764 2763
f 2764 2760 2761
f 2761 2762 2764
f 2762 2761 2759
f 2765 2767 2766
f 2768 2769 2770
f 2765 2769 2768
f 2769 2765 2766
f 2766 2770 2769
f 2770 2766 2767
f 2767 2768 2770
f 2768 2767 2765
f 2771 2773 2772
f 2774 2775 2776
f 2771 2775 2774
f 2775 2771 2772
f 2772 2776 2775
f 2776 2772 2773
f 2773 2774 2776
f 2774 2773 2771
f 2777 2779 2778
f 2780 2781 2782
f 2777 2781 2780
f 2781 2777 2778
f 2778 2782 2781
f 2782 2778 2779
f 2779 2780 2782
f 2780 2779 2777
f 2783 2785 2784
f 2786 2787 2788
f 2783 2787 2786
f 2787 2783 2784
f 2784 2788 2787
f 2788 2784 2785
f 2785 2786 2788
f 2786 2785 2783
f 2789 2791 2790
f 2792 2793 2794
f 2789 2793 2792
f 2793 2789 2790
f 2790 2794 2793
f 2794 2790 2791
f 2791 2792 2794
f 2792 2791 2789
f 2795 2797 2796
f 2798 2799 2800
f 2795 2799 2798
f 2799 2795 2796
f 2796 2800 2799
f 2800 2796 2797
f 2797 2798 2800
f 2798 2797 2795
